,Date,0,1,2,3,4,5,6,7,8,9,10,11,12,13,14,15,16,17,18,19,20,21,22,23
0,2011-05-12,0,0,0,0,0,0,0,0,72,170,235,74,299,142,84,98,199,21,298,117,156,0,0,0
1,2011-08-31,0,0,0,0,0,0,0,0,15,266,89,54,87,129,100,365,71,129,0,0,0,0,0,0
2,2011-10-09,0,0,0,0,0,0,0,0,0,0,161,129,148,450,131,162,111,0,0,0,0,0,0,0
3,2011-01-11,0,0,0,0,0,0,0,4,60,125,60,70,327,433,252,109,12,2,0,0,0,0,0,0
4,2011-06-28,0,0,0,0,0,0,0,0,104,5,66,194,70,72,171,322,21,18,0,0,0,0,0,0
5,2011-07-27,0,0,0,0,0,0,0,0,21,107,117,39,79,192,149,496,0,59,0,0,0,0,0,0
6,2011-10-05,0,0,0,0,0,0,0,0,194,253,123,135,500,477,222,433,56,54,0,0,0,0,0,0
7,2011-07-15,0,0,0,0,0,0,0,0,24,11,182,85,27,67,223,60,424,33,0,0,0,0,0,0
8,2011-10-24,0,0,0,0,0,0,0,0,29,65,280,104,264,321,360,118,268,1167,0,0,0,0,0,0
9,2011-10-16,0,0,0,0,0,0,0,0,0,0,11,119,394,290,129,233,78,0,0,0,0,0,0,0
10,2011-11-09,0,0,0,0,0,0,0,0,75,168,180,242,233,385,172,261,688,312,0,0,0,0,0,0
11,2011-05-27,0,0,0,0,0,0,0,0,0,45,143,46,121,237,173,347,32,26,0,0,0,0,0,0
12,2011-07-05,0,0,0,0,0,0,0,0,0,103,104,116,232,92,115,278,675,487,0,0,0,0,0,0
13,2011-07-17,0,0,0,0,0,0,0,0,0,0,29,234,324,331,181,149,0,0,0,0,0,0,0,0
14,2011-01-14,0,0,0,0,0,0,0,0,6,108,327,36,187,200,617,11,11,7,0,0,0,0,0,0
15,2011-02-18,0,0,0,0,0,0,0,0,44,63,99,158,82,120,36,34,216,2,0,0,0,0,0,0
16,2011-07-25,0,0,0,0,0,0,0,0,21,134,147,157,229,250,39,84,354,531,0,0,0,0,0,0
17,2011-10-04,0,0,0,0,0,0,0,0,75,215,331,233,418,272,492,188,563,10,0,0,0,0,0,0
18,2011-11-10,0,0,0,0,0,0,0,0,21,78,438,193,850,297,372,247,307,149,89,195,39,0,0,0
19,2011-02-13,0,0,0,0,0,0,0,0,0,0,9,114,209,59,90,102,41,0,0,0,0,0,0,0
20,2011-04-14,0,0,0,0,0,0,0,0,68,97,184,169,228,210,190,84,100,164,61,53,0,0,0,0
21,2011-11-28,0,0,0,0,0,0,0,0,10,75,324,325,353,604,390,1194,22,33,0,0,0,0,0,0
22,2011-11-07,0,0,0,0,0,0,0,15,81,53,125,309,527,165,201,219,245,159,0,0,0,0,0,0
23,2011-06-16,0,0,0,0,0,0,0,0,64,102,37,152,175,124,114,218,279,150,19,100,0,0,0,0
24,2011-01-26,0,0,0,0,0,0,0,0,2,17,90,140,232,197,193,57,273,88,0,0,0,0,0,0
25,2011-03-08,0,0,0,0,0,0,0,0,23,136,41,108,330,127,197,525,64,49,0,0,0,0,0,0
26,2011-11-29,0,0,0,0,0,0,0,0,62,117,213,577,492,297,388,688,1214,192,73,0,0,0,0,0
27,2010-12-12,0,0,0,0,0,0,0,0,0,0,140,416,319,271,106,0,199,0,0,0,0,0,0,0
28,2011-11-22,0,0,0,0,0,0,0,0,77,148,232,383,302,583,441,1222,474,105,0,0,0,0,0,0
29,2011-04-01,0,0,0,0,0,0,0,0,30,67,173,324,100,167,277,66,54,3,0,0,0,0,0,0
30,2011-11-03,0,0,0,0,0,0,0,0,34,183,114,209,219,221,225,651,379,79,35,70,0,0,0,0
31,2011-01-25,0,0,0,0,0,0,0,0,28,108,307,150,241,555,180,46,10,29,0,0,0,0,0,0
32,2011-06-09,0,0,0,0,0,0,0,12,3,112,157,164,150,131,140,295,392,113,69,77,35,0,0,0
33,2011-07-08,0,0,0,0,0,0,0,0,83,49,117,70,146,417,76,530,120,22,0,0,0,0,0,0
34,2011-07-28,0,0,0,0,0,0,0,0,17,99,103,164,151,71,233,413,179,64,46,25,0,0,0,0
35,2011-01-10,0,0,0,0,0,0,0,0,0,655,91,127,68,65,516,84,337,33,0,0,0,0,0,0
36,2011-01-28,0,0,0,0,0,0,0,0,0,74,100,51,196,191,294,89,12,1,0,0,0,0,0,0
37,2011-03-07,0,0,0,0,0,0,0,0,6,78,448,58,172,304,174,23,13,695,0,0,0,0,0,0
38,2011-03-30,0,0,0,0,0,0,0,0,0,149,77,157,341,205,86,166,340,69,0,0,0,0,0,0
39,2011-04-26,0,0,0,0,0,0,0,0,25,451,87,367,138,197,126,170,185,157,0,0,0,0,0,0
40,2011-07-14,0,0,0,0,0,0,0,0,54,104,142,164,189,277,61,131,359,81,71,51,50,0,0,0
41,2011-01-30,0,0,0,0,0,0,0,0,0,0,79,81,72,124,163,203,0,0,0,0,0,0,0,0
42,2011-08-12,0,0,0,0,0,0,0,0,0,159,40,118,156,36,122,34,457,0,0,0,0,0,0,0
43,2011-09-05,0,0,0,0,0,0,0,0,0,185,174,185,292,88,149,324,118,72,0,0,0,0,0,0
44,2011-08-26,0,0,0,0,0,0,0,0,20,64,46,203,100,197,240,59,0,0,0,0,0,0,0,0
45,2011-05-23,0,0,0,0,0,0,0,0,77,138,124,363,145,252,217,238,42,50,0,0,0,0,0,0
46,2011-02-10,0,0,0,0,0,0,0,0,0,31,113,74,72,89,88,98,129,63,0,28,0,0,0,0
47,2011-06-06,0,0,0,0,0,0,0,0,10,129,44,104,213,252,116,101,260,0,0,0,0,0,0,0
48,2011-08-02,0,0,0,0,0,0,0,0,36,107,313,15,104,67,266,81,342,38,0,0,0,0,0,0
49,2011-08-21,0,0,0,0,0,0,0,0,0,2,34,78,210,131,277,264,74,0,0,0,0,0,0,0
50,2011-12-02,0,0,0,0,0,0,0,0,3,67,399,104,439,487,314,151,855,61,0,0,0,0,0,0
51,2011-11-06,0,0,0,0,0,0,0,0,0,1,137,427,931,521,857,239,324,0,0,0,0,0,0,0
52,2011-03-02,0,0,0,0,0,0,0,0,88,73,5,156,131,82,129,22,142,107,0,0,0,0,0,0
53,2011-10-03,0,0,0,0,0,0,0,0,18,408,173,237,208,197,196,235,608,16,0,0,0,0,0,0
54,2011-07-11,0,0,0,0,0,0,0,0,0,18,114,99,180,194,292,165,379,74,0,0,0,0,0,0
55,2011-09-22,0,0,0,0,0,0,0,0,26,138,171,185,446,322,409,210,412,278,97,54,0,0,0,0
56,2011-06-26,0,0,0,0,0,0,0,0,0,0,20,123,77,233,207,36,12,0,0,0,0,0,0,0
57,2010-12-02,0,0,0,0,0,0,0,10,52,88,203,260,198,242,226,339,150,113,123,105,0,0,0,0
58,2010-12-10,0,0,0,0,0,0,0,0,0,615,172,447,200,201,753,297,35,38,0,0,0,0,0,0
59,2011-07-31,0,0,0,0,0,0,0,0,0,0,82,240,218,166,95,453,17,0,0,0,0,0,0,0
60,2011-11-30,0,0,0,0,0,0,0,0,115,134,269,387,284,87,780,991,194,213,0,0,0,0,0,0
61,2011-10-21,0,0,0,0,0,0,0,0,41,114,213,197,203,243,244,113,36,0,0,0,0,0,0,0
62,2011-12-06,0,0,0,0,0,0,0,0,90,154,254,422,687,211,464,133,776,174,0,0,0,0,0,0
63,2011-12-09,0,0,0,0,0,0,0,0,112,61,1139,142,178,0,0,0,0,0,0,0,0,0,0,0
64,2011-09-15,0,0,0,0,0,0,0,0,9,116,382,141,211,216,295,199,497,84,34,13,0,0,0,0
65,2011-09-02,0,0,0,0,0,0,0,0,19,935,177,127,159,254,90,260,297,58,0,0,0,0,0,0
66,2011-09-26,0,0,0,0,0,0,0,1,13,39,184,137,282,220,160,441,55,22,0,0,0,0,0,0
67,2011-03-01,0,0,0,0,0,0,0,0,55,217,119,108,218,93,196,60,209,86,0,0,0,0,0,0
68,2010-12-08,0,0,0,0,0,0,0,0,12,88,241,100,614,311,773,268,207,26,7,0,0,0,0,0
69,2011-08-24,0,0,0,0,0,0,0,0,28,296,263,96,201,231,416,231,114,0,0,0,0,0,0,0
70,2011-10-11,0,0,0,0,0,0,0,0,43,208,208,354,150,160,517,180,647,0,0,0,0,0,0,0
71,2011-06-19,0,0,0,0,0,0,0,0,0,0,82,322,264,152,102,176,69,0,0,0,0,0,0,0
72,2011-09-27,0,0,0,0,0,0,0,0,17,50,419,251,311,257,115,98,42,62,275,0,0,0,0,0
73,2011-07-29,0,0,0,0,0,0,0,0,39,97,90,190,165,148,77,95,194,36,0,0,0,0,0,0
74,2011-08-09,0,0,0,0,0,0,0,0,0,51,114,44,222,218,162,38,65,205,0,0,0,0,0,0
75,2011-10-20,0,0,0,0,0,0,0,0,29,170,169,230,617,332,325,352,8,25,17,76,0,0,0,0
76,2011-02-27,0,0,0,0,0,0,0,0,0,0,98,172,182,115,196,49,0,0,0,0,0,0,0,0
77,2011-03-03,0,0,0,0,0,0,0,0,54,231,155,64,168,117,108,154,284,0,32,22,0,0,0,0
78,2011-02-01,0,0,0,0,0,0,0,0,59,56,289,271,154,296,172,242,35,0,0,0,0,0,0,0
79,2011-04-11,0,0,0,0,0,0,0,0,198,68,169,96,94,208,109,83,164,70,0,0,0,0,0,0
80,2011-01-09,0,0,0,0,0,0,0,0,0,0,99,297,225,85,216,173,22,0,0,0,0,0,0,0
81,2011-04-05,0,0,0,0,0,0,0,0,34,21,235,118,268,117,83,129,188,22,0,0,0,0,0,0
82,2011-11-16,0,0,0,0,0,0,0,0,61,63,544,287,617,447,110,1680,278,108,0,0,0,0,0,0
83,2011-04-03,0,0,0,0,0,0,0,0,0,0,45,140,124,17,164,241,0,0,0,0,0,0,0,0
84,2010-12-22,0,0,0,0,0,0,0,0,0,0,27,38,40,73,104,1,8,0,0,0,0,0,0,0
85,2011-05-22,0,0,0,0,0,0,0,0,0,0,122,350,220,456,284,132,0,0,0,0,0,0,0,0
86,2011-10-12,0,0,0,0,0,0,0,0,20,141,202,158,360,247,201,160,650,54,0,0,0,0,0,0
87,2011-08-08,0,0,0,0,0,0,0,0,0,20,140,173,128,382,158,440,49,0,0,0,0,0,0,0
88,2011-01-20,0,0,0,0,0,0,0,0,0,11,101,52,206,35,93,169,15,9,775,36,0,0,0,0
89,2011-04-19,0,0,0,0,0,0,0,0,50,75,165,428,116,190,250,427,177,9,0,0,0,0,0,0
90,2011-06-27,0,0,0,0,0,0,0,0,80,241,58,16,281,70,155,239,26,16,0,0,0,0,0,0
91,2011-01-04,0,0,0,0,0,0,0,0,0,0,79,151,162,497,115,136,42,2,0,0,0,0,0,0
92,2011-02-28,0,0,0,0,0,0,0,0,15,79,271,120,117,151,150,227,592,15,0,0,0,0,0,0
93,2011-02-09,0,0,0,0,0,0,0,0,0,5,111,70,230,181,59,65,158,0,0,0,0,0,0,0
94,2011-02-06,0,0,0,0,0,0,0,0,0,0,0,62,37,12,119,30,19,0,0,0,0,0,0,0
95,2011-06-12,0,0,0,0,0,0,0,0,0,24,46,108,261,413,151,70,2,0,0,0,0,0,0,0
96,2011-04-20,0,0,0,0,0,0,0,0,27,115,47,193,102,245,78,107,10,101,0,0,0,0,0,0
97,2011-02-15,0,0,0,0,0,0,0,0,38,266,104,171,101,104,263,64,7,217,0,0,0,0,0,0
98,2011-05-09,0,0,0,0,0,0,0,0,17,77,127,75,264,151,141,192,720,2,0,0,0,0,0,0
99,2011-07-24,0,0,0,0,0,0,0,0,0,0,187,292,131,125,88,164,138,0,0,0,0,0,0,0
100,2011-01-21,0,0,0,0,0,0,0,0,0,43,7,233,58,221,136,211,13,672,0,0,0,0,0,0
101,2011-08-10,0,0,0,0,0,0,0,0,15,129,175,49,125,72,60,95,596,60,0,0,0,0,0,0
102,2011-08-18,0,0,0,0,0,0,41,0,268,47,214,84,149,147,71,149,126,120,77,15,31,0,0,0
103,2010-12-05,0,0,0,0,0,0,0,0,0,0,171,396,700,601,251,338,268,0,0,0,0,0,0,0
104,2011-10-25,0,0,0,0,0,0,0,0,106,47,174,65,446,476,300,360,118,134,266,0,0,0,0,0
105,2011-06-24,0,0,0,0,0,0,0,0,10,95,111,43,64,129,118,390,34,45,0,0,0,0,0,0
106,2011-09-01,0,0,0,0,0,0,0,0,2,23,74,257,145,121,321,39,232,93,49,49,0,0,0,0
107,2011-05-01,0,0,0,0,0,0,0,0,0,0,7,187,88,93,72,5,0,0,0,0,0,0,0,0
108,2011-02-25,0,0,0,0,0,0,0,0,45,55,187,139,77,118,252,48,10,47,0,0,0,0,0,0
109,2011-05-19,0,0,0,0,0,0,0,7,85,119,304,176,159,296,184,95,220,145,42,117,0,0,0,0
110,2011-10-23,0,0,0,0,0,0,0,0,0,2,48,199,287,213,221,498,260,0,0,0,0,0,0,0
111,2011-02-08,0,0,0,0,0,0,0,0,0,35,80,229,292,106,370,89,19,8,0,0,0,0,0,0
112,2011-01-06,0,0,0,0,0,0,0,0,3,75,23,137,270,68,541,287,259,88,81,0,0,0,0,0
113,2011-01-27,0,0,0,0,0,0,0,0,36,75,168,321,192,149,96,288,129,45,55,21,0,0,0,0
114,2011-09-04,0,0,0,0,0,0,0,0,0,0,29,222,293,378,200,113,108,0,0,0,0,0,0,0
115,2011-03-27,0,0,0,0,0,0,0,0,0,0,56,71,207,133,110,86,74,0,0,0,0,0,0,0
116,2011-03-20,0,0,0,0,0,0,0,0,0,0,121,296,172,582,108,133,41,0,0,0,0,0,0,0
117,2011-08-22,0,0,0,0,0,0,0,0,0,120,234,76,152,195,296,198,0,1,0,0,0,0,0,0
118,2011-10-07,0,0,0,0,0,0,0,0,68,172,321,356,415,172,275,603,44,0,0,0,0,0,0,0
119,2011-04-17,0,0,0,0,0,0,0,0,0,0,108,179,235,299,69,78,0,0,0,0,0,0,0,0
120,2011-07-19,0,0,0,0,0,0,0,0,0,242,112,282,303,221,136,269,14,88,0,0,0,0,0,0
121,2011-12-05,0,0,0,0,0,0,0,0,48,125,122,757,718,374,574,184,393,2036,0,0,0,0,0,0
122,2011-04-07,0,0,0,0,0,0,0,0,7,54,135,279,463,212,0,0,0,0,48,329,0,0,0,0
123,2011-08-19,0,0,0,0,0,0,0,0,19,85,172,143,90,60,116,84,32,18,0,0,0,0,0,0
124,2011-05-25,0,0,0,0,0,0,0,0,19,90,126,299,153,51,93,106,107,278,0,0,0,0,0,0
125,2010-12-21,0,0,0,0,0,0,0,0,0,59,77,1,136,205,71,975,24,38,0,0,0,0,0,0
126,2011-11-14,0,0,0,0,0,0,0,0,141,100,183,324,334,456,444,1307,90,214,4,0,0,0,0,0
127,2010-12-06,0,0,0,0,0,0,0,0,31,642,730,266,606,306,296,242,696,63,0,0,0,0,0,0
128,2011-07-10,0,0,0,0,0,0,0,0,0,0,36,91,224,136,47,187,99,0,0,0,0,0,0,0
129,2011-07-21,0,0,0,0,0,0,0,0,28,180,126,119,252,227,77,141,56,216,114,34,0,0,0,0
130,2011-05-04,0,0,0,0,0,0,0,0,59,36,95,405,104,108,113,134,97,10,0,0,0,0,0,0
131,2011-09-28,0,0,0,0,0,0,0,0,28,89,224,170,392,340,279,551,804,0,0,0,0,0,0,0
132,2011-09-21,0,0,0,0,0,0,0,0,31,138,119,169,162,151,567,1674,68,50,0,0,0,0,0,0
133,2011-03-21,0,0,0,0,0,0,0,0,66,51,147,148,141,69,157,145,139,5,0,0,0,0,0,0
134,2011-09-13,0,0,0,0,0,0,0,0,0,170,65,497,437,321,164,204,540,40,0,0,0,0,0,0
135,2011-08-07,0,0,0,0,0,0,0,0,0,0,47,19,157,99,74,145,0,0,0,0,0,0,0,0
136,2011-07-07,0,0,0,0,0,0,0,0,24,0,173,42,303,174,139,108,708,84,139,43,3,0,0,0
137,2011-06-14,0,0,0,0,0,0,0,0,14,36,49,309,343,197,99,28,31,481,0,0,0,0,0,0
138,2010-12-07,0,0,0,0,0,0,0,0,2,88,151,172,118,243,185,1435,26,7,536,0,0,0,0,0
139,2010-12-19,0,0,0,0,0,0,0,0,0,0,14,75,27,60,234,112,0,0,0,0,0,0,0,0
140,2011-06-30,0,0,0,0,0,0,0,0,9,31,90,113,275,200,108,447,107,75,70,61,34,0,0,0
141,2011-07-03,0,0,0,0,0,0,0,0,0,0,52,109,208,101,32,78,22,0,0,0,0,0,0,0
142,2011-09-11,0,0,0,0,0,0,0,0,0,0,95,223,281,424,360,611,38,0,0,0,0,0,0,0
143,2011-02-03,0,0,0,0,0,0,0,0,17,29,85,234,177,189,89,45,0,29,46,49,0,0,0,0
144,2011-03-24,0,0,0,0,0,0,0,0,41,139,105,103,415,439,125,25,39,35,74,37,0,0,0,0
145,2011-09-16,0,0,0,0,0,0,0,0,2,259,203,175,261,229,179,76,47,44,0,0,0,0,0,0
146,2011-01-12,0,0,0,0,0,0,0,0,0,500,109,116,108,243,66,574,93,0,0,0,0,0,0,0
147,2011-01-31,0,0,0,0,0,0,0,0,19,439,103,117,284,141,184,166,56,0,0,0,0,0,0,0
148,2011-11-27,0,0,0,0,0,0,0,0,0,0,50,500,506,569,218,310,390,0,0,0,0,0,0,0
149,2011-04-21,0,0,0,0,0,0,0,0,41,41,274,59,185,161,87,126,415,90,368,83,0,0,0,0
150,2011-03-16,0,0,0,0,0,0,0,0,42,106,26,119,131,107,145,142,54,2,0,0,0,0,0,0
151,2011-07-06,0,0,0,0,0,0,0,0,0,79,238,136,216,268,109,83,620,67,0,0,0,0,0,0
152,2011-09-09,0,0,0,0,0,0,0,0,16,110,252,218,132,333,141,214,189,2,0,0,0,0,0,0
153,2011-03-17,0,0,0,0,0,0,0,19,0,93,82,1,121,195,55,113,103,25,1085,67,115,0,0,0
154,2011-10-14,0,0,0,0,0,0,0,0,4,165,124,304,322,243,230,133,43,242,0,0,0,0,0,0
155,2011-11-15,0,0,0,0,0,0,0,0,84,120,205,235,331,306,431,242,819,672,0,0,0,0,0,0
156,2011-01-07,0,0,0,0,0,0,0,0,0,71,180,390,233,424,325,94,54,23,0,0,0,0,0,0
157,2011-11-24,0,0,0,0,0,0,0,0,38,1331,165,181,395,503,317,375,154,115,40,152,0,0,0,0
158,2011-10-18,0,0,0,0,0,0,0,33,47,178,163,73,485,526,322,192,332,557,0,0,0,0,0,0
159,2011-06-05,0,0,0,0,0,0,0,0,0,0,151,209,206,262,280,447,6,0,0,0,0,0,0,0
160,2011-07-04,0,0,0,0,0,0,0,0,0,0,689,265,304,237,84,177,444,0,0,0,0,0,0,0
161,2011-04-06,0,0,0,0,0,0,0,0,0,22,138,191,84,133,182,133,19,220,0,0,0,0,0,0
162,2011-06-15,0,0,0,0,0,0,0,0,34,14,265,143,225,599,101,226,111,0,0,0,0,0,0,0
163,2011-08-17,0,0,0,0,0,0,0,0,29,59,89,182,364,361,294,153,36,66,0,15,18,0,0,0
164,2011-05-08,0,0,0,0,0,0,0,0,0,0,51,353,427,128,188,180,179,0,0,0,0,0,0,0
165,2010-12-14,0,0,0,0,0,0,0,0,0,41,151,324,373,448,186,438,101,25,0,0,0,0,0,0
166,2011-05-29,0,0,0,0,0,0,0,0,0,0,32,95,158,33,228,86,0,0,0,0,0,0,0,0
167,2011-09-29,0,0,0,0,0,0,0,0,113,160,159,146,259,577,192,448,186,140,125,3,0,0,0,0
168,2011-09-20,0,0,0,0,0,0,0,0,19,109,202,156,501,350,314,53,14,0,0,0,0,0,0,0
169,2011-09-30,0,0,0,0,0,0,0,27,28,168,358,51,307,261,331,105,2,249,0,0,0,0,0,0
170,2011-05-11,0,0,0,0,0,0,0,42,33,62,203,82,411,258,209,300,26,75,0,0,0,0,0,0
171,2011-06-17,0,0,0,0,0,0,0,0,30,58,101,162,204,171,159,56,18,2,0,0,0,0,0,0
172,2011-06-29,0,0,0,0,0,0,0,0,15,21,142,53,134,101,59,810,23,0,0,0,0,0,0,0
173,2011-10-31,0,0,0,0,0,0,0,0,20,76,135,274,261,512,1827,202,92,15,0,0,0,0,0,0
174,2011-12-01,0,0,0,0,0,0,0,0,113,65,215,238,325,313,232,179,773,112,93,243,0,0,0,0
175,2011-08-05,0,0,0,0,0,0,0,0,29,21,69,154,177,99,45,288,407,166,0,0,0,0,0,0
176,2011-09-23,0,0,0,0,0,0,0,4,44,153,135,159,704,420,337,186,14,486,0,0,0,0,0,0
177,2011-06-10,0,0,0,0,0,0,0,0,44,82,94,186,157,132,116,58,24,174,0,0,0,0,0,0
178,2011-05-16,0,0,0,0,0,0,0,0,43,186,129,27,185,109,208,135,563,24,0,0,0,0,0,0
179,2011-06-21,0,0,0,0,0,0,0,0,4,91,142,116,90,100,267,141,208,374,5,0,0,0,0,0
180,2011-03-14,0,0,0,0,0,0,0,0,51,86,91,283,148,129,70,206,46,1,0,0,0,0,0,0
181,2011-07-20,0,0,0,0,0,0,0,0,39,9,78,242,322,302,193,43,786,1,0,0,0,0,0,0
182,2011-03-25,0,0,0,0,0,0,0,0,52,1,177,248,418,85,146,222,22,15,0,0,0,0,0,0
183,2011-02-02,0,0,0,0,0,0,0,7,0,51,149,70,353,236,161,94,24,266,0,0,0,0,0,0
184,2011-01-16,0,0,0,0,0,0,0,0,0,0,50,63,41,91,41,165,195,0,0,0,0,0,0,0
185,2011-03-15,0,0,0,0,0,0,0,0,26,50,123,99,149,78,509,172,86,0,0,0,0,0,0,0
186,2011-12-08,0,0,0,0,0,0,0,0,10,1564,392,313,429,509,270,332,709,97,125,166,24,0,0,0
187,2011-02-04,0,0,0,0,0,0,0,0,44,162,220,182,104,302,151,27,33,7,0,0,0,0,0,0
188,2011-10-28,0,0,0,0,0,0,0,61,107,69,94,123,306,258,218,19,298,85,3,0,0,0,0,0
189,2011-04-18,0,0,0,0,0,0,0,0,0,68,195,120,207,1434,311,655,161,57,0,0,0,0,0,0
190,2011-01-17,0,0,0,0,0,0,0,0,0,0,53,274,93,171,101,103,171,1591,0,0,0,0,0,0
191,2011-11-11,0,0,0,0,0,0,0,0,71,547,490,291,761,675,221,205,141,687,0,0,0,0,0,0
192,2011-11-13,0,0,0,0,0,0,0,0,0,0,90,564,400,361,582,527,494,0,0,0,0,0,0,0
193,2011-05-05,0,0,0,0,0,0,0,4,24,130,40,95,165,202,125,688,57,208,70,30,0,0,0,0
194,2011-02-14,0,0,0,0,0,0,0,0,0,376,56,15,311,59,72,218,1,0,0,0,0,0,0,0
195,2011-05-31,0,0,0,0,0,0,0,0,37,27,102,74,65,137,318,521,0,0,0,0,0,0,0,0
196,2011-09-18,0,0,0,0,0,0,0,0,0,0,52,121,212,82,120,633,54,0,0,0,0,0,0,0
197,2011-11-17,0,0,0,0,0,0,0,0,102,148,205,347,415,451,592,799,160,247,45,109,1,0,0,0
198,2011-11-20,0,0,0,0,0,0,0,0,0,0,144,829,927,610,464,295,65,0,0,0,0,0,0,0
199,2011-10-26,0,0,0,0,0,0,0,0,5,47,107,129,395,466,272,160,333,16,0,0,0,0,0,0
200,2011-12-07,0,0,0,0,0,0,0,0,181,98,356,179,426,293,344,274,144,127,16,0,0,0,0,0
201,2011-11-04,0,0,0,0,0,0,0,1,30,327,357,185,521,325,490,662,42,62,9,0,0,0,0,0
202,2010-12-03,0,0,0,0,0,0,0,0,0,42,111,997,237,73,397,164,76,105,0,0,0,0,0,0
203,2011-04-28,0,0,0,0,0,0,0,6,26,61,183,53,85,248,104,150,235,1,25,15,0,0,0,0
204,2011-08-01,0,0,0,0,0,0,0,0,2,10,139,152,203,126,54,28,208,278,0,0,0,0,0,0
205,2011-03-10,0,0,0,0,0,0,0,6,42,62,136,91,201,124,129,109,208,2,2,19,0,0,0,0
206,2011-01-24,0,0,0,0,0,0,0,0,1,382,172,131,70,442,138,82,67,0,0,0,0,0,0,0
207,2011-02-22,0,0,0,0,0,0,0,0,2,51,42,150,108,252,83,232,597,76,0,0,0,0,0,0
208,2011-03-31,0,0,0,0,0,0,0,0,0,139,79,209,124,240,212,82,500,91,25,37,0,0,0,0
209,2011-11-08,0,0,0,0,0,0,0,9,24,552,337,283,551,395,352,427,137,73,930,0,0,0,0,0
210,2011-04-27,0,0,0,0,0,0,0,0,20,8,45,153,286,195,302,33,43,222,0,0,0,0,0,0
211,2011-10-06,0,0,0,0,0,0,0,0,23,226,156,203,230,513,411,205,712,113,203,127,67,0,0,0
212,2011-05-18,0,0,0,0,0,0,0,0,0,122,132,180,200,192,123,137,278,2,0,0,0,0,0,0
213,2011-01-23,0,0,0,0,0,0,0,0,0,0,63,46,196,243,166,105,60,0,0,0,0,0,0,0
214,2011-02-16,0,0,0,0,0,0,0,0,21,100,195,152,194,92,164,204,69,0,0,0,0,0,0,0
215,2010-12-01,0,0,0,0,0,0,0,0,46,151,121,370,421,268,735,189,160,647,0,0,0,0,0,0
216,2011-03-13,0,0,0,0,0,0,0,0,0,0,103,114,86,69,47,118,0,0,0,0,0,0,0,0
217,2011-06-02,0,0,0,0,0,0,0,0,0,175,32,446,137,20,135,159,6,403,6,69,0,0,0,0
218,2011-07-01,0,0,0,0,0,0,0,0,45,65,61,224,305,166,85,50,0,26,0,0,0,0,0,0
219,2011-07-13,0,0,0,0,0,0,0,0,4,27,203,276,298,158,37,253,355,7,0,0,0,0,0,0
220,2011-08-15,0,0,0,0,0,0,0,0,19,36,141,55,210,133,261,54,17,0,0,0,0,0,0,0
221,2011-08-25,0,0,0,0,0,0,0,0,21,116,119,99,189,122,312,220,2,52,32,58,0,0,0,0
222,2011-04-08,0,0,0,0,0,0,0,26,170,169,142,200,161,26,82,413,3,49,0,0,0,0,0,0
223,2011-05-03,0,0,0,0,0,0,0,0,40,194,176,160,278,92,20,113,326,50,0,0,0,0,0,0
224,2011-06-07,0,0,0,0,0,0,0,19,41,114,91,110,240,535,157,71,113,435,0,0,0,0,0,0
225,2011-01-13,0,0,0,0,0,0,0,0,0,420,124,112,167,43,416,161,0,2,0,0,0,0,0,0
226,2011-05-15,0,0,0,0,0,0,0,0,0,0,0,143,238,206,54,72,96,0,0,0,0,0,0,0
227,2011-08-16,0,0,0,0,0,0,0,0,35,61,156,227,126,228,74,66,19,43,0,0,0,0,0,0
228,2011-03-11,0,0,0,0,0,0,0,0,29,68,22,164,129,206,137,28,176,0,0,0,0,0,0,0
229,2011-06-08,0,0,0,0,0,0,0,0,115,84,198,97,341,209,161,656,186,280,0,0,0,0,0,0
230,2011-09-12,0,0,0,0,0,0,0,0,16,182,67,59,237,362,164,354,206,20,35,0,0,0,0,0
231,2011-03-06,0,0,0,0,0,0,0,0,0,0,41,214,294,0,209,85,1,0,0,0,0,0,0,0
232,2011-04-10,0,0,0,0,0,0,0,0,0,0,5,276,138,131,56,242,92,0,0,0,0,0,0,0
233,2011-10-02,0,0,0,0,0,0,0,0,0,0,71,79,253,368,320,338,0,0,0,0,0,0,0,0
234,2011-03-09,0,0,0,0,0,0,0,0,76,52,45,286,237,152,111,82,232,4,0,0,0,0,0,0
235,2010-12-13,0,0,0,0,0,0,0,0,0,574,143,544,154,298,158,351,27,34,0,0,0,0,0,0
236,2011-10-30,0,0,0,0,0,0,0,0,0,0,123,613,574,531,384,442,240,0,0,0,0,0,0,0
237,2011-11-23,0,0,0,0,0,0,0,0,86,87,235,717,637,975,340,267,165,110,0,0,0,0,0,0
238,2011-10-10,0,0,0,0,0,0,0,0,73,258,169,194,428,478,304,317,537,474,0,0,0,0,0,0
239,2011-04-12,0,0,0,0,0,0,0,0,14,81,169,139,169,179,120,104,156,21,0,0,0,0,0,0
240,2011-08-03,0,0,0,0,0,0,0,0,15,156,145,180,320,168,206,138,220,12,0,0,0,0,0,0
241,2011-05-06,0,0,0,0,0,0,0,0,217,105,220,158,99,183,104,628,233,7,0,89,8,0,0,0
242,2011-07-22,0,0,0,0,0,0,0,0,1,473,143,142,62,259,76,67,39,39,0,0,0,0,0,0
243,2011-06-22,0,0,0,0,0,0,0,0,6,21,126,66,208,154,171,91,141,33,0,0,0,0,0,0
244,2011-08-30,0,0,0,0,0,0,0,0,26,28,1290,42,1585,84,47,79,46,8,0,0,0,0,0,0
245,2011-03-23,0,0,0,0,0,0,0,0,18,67,129,166,240,154,78,404,55,8,0,0,0,0,0,0
246,2010-12-09,0,0,0,0,0,0,0,0,8,69,203,105,233,353,1023,168,499,55,42,68,65,0,0,0
247,2011-09-25,0,0,0,0,0,0,0,0,0,0,60,267,459,286,593,219,103,0,0,0,0,0,0,0
248,2011-02-23,0,0,0,0,0,0,0,0,34,142,130,407,292,172,57,274,57,13,0,0,0,0,0,0
249,2011-05-10,0,0,0,0,0,0,0,0,22,53,223,205,239,174,217,1242,211,0,0,0,0,0,0,0
250,2011-09-14,0,0,0,0,0,0,0,0,16,147,60,232,191,205,203,281,34,7,0,0,0,0,0,0
251,2011-01-18,0,0,0,0,0,0,0,0,16,55,38,19,46,202,160,425,204,282,0,0,0,0,0,0
252,2011-06-20,0,0,0,0,0,0,0,0,54,340,92,165,160,363,221,562,33,30,0,0,0,0,0,0
253,2011-08-04,0,0,0,0,0,0,0,0,4,31,212,70,228,86,196,262,432,157,107,22,32,0,0,0
254,2011-09-19,0,0,0,0,0,0,0,0,1,96,204,342,186,231,151,181,43,1,0,0,0,0,0,0
255,2011-08-11,0,0,0,0,0,0,0,0,45,106,524,183,218,137,183,186,169,233,0,0,0,0,0,0
256,2011-09-06,0,0,0,0,0,0,0,0,9,130,113,144,280,62,303,79,20,0,0,0,0,0,0,0
257,2011-10-19,0,0,0,0,0,0,0,0,44,92,275,430,458,239,166,269,344,1,0,0,0,0,0,0
258,2011-06-23,0,0,0,0,0,0,0,0,0,123,205,194,82,355,215,414,25,50,101,209,0,0,0,0
259,2011-08-23,0,0,0,0,0,0,0,0,17,128,93,297,129,207,171,165,108,143,0,0,0,0,0,0
260,2011-10-17,0,0,0,0,0,0,0,0,24,205,235,231,405,767,328,661,78,10,0,0,0,0,0,0
261,2011-12-04,0,0,0,0,0,0,0,0,0,0,127,341,405,502,326,286,51,0,0,0,0,0,0,0
262,2010-12-16,0,0,0,0,0,0,0,0,34,95,139,151,217,309,181,117,117,175,48,207,0,0,0,0
263,2011-02-11,0,0,0,0,0,0,0,0,17,4,328,159,201,55,40,82,53,18,0,0,0,0,0,0
264,2011-07-26,0,0,0,0,0,0,0,0,23,94,102,124,161,110,134,167,324,40,0,0,0,0,0,0
265,2011-03-18,0,0,0,0,0,0,0,0,29,103,64,221,574,185,137,43,3,20,0,0,0,0,0,0
266,2011-05-26,0,0,0,0,0,0,0,0,11,61,148,100,66,180,121,73,75,64,34,38,0,0,0,0
267,2011-05-24,0,0,0,0,0,0,0,0,120,67,139,188,145,130,147,682,13,119,0,0,0,0,0,0
268,2011-09-08,0,0,0,0,0,0,0,0,33,31,298,230,457,217,108,363,4,7,4,27,0,0,0,0
269,2011-11-25,0,0,0,0,0,0,0,0,64,110,176,563,188,418,649,336,571,50,0,0,0,0,0,0
270,2011-03-28,0,0,0,0,0,0,0,39,17,128,141,165,386,114,155,444,83,0,0,0,0,0,0,0
271,2011-06-13,0,0,0,0,0,0,0,6,154,64,196,159,146,116,223,252,125,31,0,0,0,0,0,0
272,2011-11-21,0,0,0,0,0,0,0,0,136,122,195,232,415,272,259,744,468,87,0,0,0,0,0,0
273,2011-02-20,0,0,0,0,0,0,0,0,0,0,94,18,166,152,312,122,0,0,0,0,0,0,0,0
274,2010-12-20,0,0,0,0,0,0,0,0,4,55,375,106,125,397,133,378,135,55,0,0,0,0,0,0
275,2011-10-27,0,0,0,0,0,0,0,0,48,34,252,53,198,478,445,99,271,413,26,30,193,0,0,0
276,2011-01-05,0,0,0,0,0,0,0,0,0,39,127,463,256,153,132,291,268,14,0,0,0,0,0,0
277,2011-02-07,0,0,0,0,0,0,0,0,0,56,26,309,252,142,372,62,42,0,0,0,0,0,0,0
278,2010-12-23,0,0,0,0,0,0,0,0,0,4,10,104,126,512,73,17,114,3,0,0,0,0,0,0
279,2011-07-12,0,0,0,0,0,0,0,0,11,48,105,105,47,229,203,122,748,49,0,0,0,0,0,0
280,2011-03-04,0,0,0,0,0,0,0,0,42,142,140,27,116,153,258,32,187,10,0,0,0,0,0,0
281,2011-06-01,0,0,0,0,0,0,0,10,76,27,49,40,187,51,109,131,35,741,0,0,0,0,0,0
282,2011-02-17,0,0,0,0,0,0,0,0,55,11,423,165,454,120,197,196,37,16,0,45,0,0,0,0
283,2011-05-20,0,0,0,0,0,0,0,0,65,63,293,61,50,245,127,162,63,0,0,0,0,0,0,0
284,2011-08-14,0,0,0,0,0,0,0,0,0,1,84,13,292,75,12,80,0,0,0,0,0,0,0,0
285,2011-03-22,0,0,0,0,0,0,0,0,18,576,84,107,410,205,67,529,358,30,0,0,0,0,0,0
286,2011-11-18,0,0,0,0,0,0,0,0,18,326,314,115,602,458,192,704,109,82,0,0,0,0,0,0
287,2011-08-28,0,0,0,0,0,0,0,0,0,0,44,136,424,298,118,130,50,0,0,0,0,0,0,0
288,2011-06-03,0,0,0,0,0,0,0,15,22,48,108,89,100,75,70,82,45,204,0,0,0,0,0,0
289,2011-01-19,0,0,0,0,0,0,0,0,3,140,99,166,111,56,145,476,131,89,0,0,0,0,0,0
290,2011-04-04,0,0,0,0,0,0,0,0,18,90,122,115,405,188,203,249,315,0,0,0,0,0,0,0
291,2010-12-15,0,0,0,0,0,0,0,0,0,70,159,208,139,175,151,214,175,58,0,0,0,0,0,0
292,2011-05-17,0,0,0,0,0,0,0,0,49,70,206,164,182,155,302,553,241,10,0,0,0,0,0,0
293,2011-05-13,0,0,0,0,0,0,0,0,41,66,191,259,149,120,231,235,114,19,0,0,0,0,0,0
294,2011-02-24,0,0,0,0,0,0,0,0,0,196,141,144,135,58,118,99,103,28,272,0,0,0,0,0
295,2011-03-29,0,0,0,0,0,0,0,0,29,77,90,184,125,615,123,457,223,60,0,0,0,0,0,0
296,2011-07-18,0,0,0,0,0,0,0,0,32,63,443,234,291,125,183,747,40,76,0,0,0,0,0,0
297,2011-11-01,0,0,0,0,0,0,0,0,40,155,135,241,394,213,339,249,0,19,1,0,0,0,0,0
298,2010-12-17,0,0,0,0,0,0,0,0,23,59,72,105,92,81,1492,116,495,579,1,0,0,0,0,0
299,2011-04-15,0,0,0,0,0,0,0,0,10,104,761,65,107,163,138,74,61,0,0,0,0,0,0,0
300,2011-10-13,0,0,0,0,0,0,0,0,20,66,204,117,665,354,355,408,134,35,0,0,0,0,0,0
301,2011-11-02,0,0,0,0,0,0,0,0,14,70,144,224,414,258,479,889,107,33,0,0,0,0,0,0
302,2011-09-07,0,0,0,0,0,0,0,0,22,51,201,94,789,119,145,169,522,0,0,0,0,0,0,0
303,2011-04-13,0,0,0,0,0,0,0,0,22,108,62,80,152,178,172,207,61,10,0,0,0,0,0,0
304,2011-02-21,0,0,0,0,0,0,0,0,96,105,152,102,167,136,48,166,1,78,374,0,0,0,0,0
