h,arr(h-1),arr(h-3),arr(h-4),arr(h-5),arr(h-6),arr(h-7),arr(h-11),arr(h-12),arr(h-13),arr(h-14),arr(h-18),arr(h-20),arr(h-23),arr(h-26),arr(h-28),w,d,arr(h)
06:00:00,0.0,0.0,1.0,6.0,6.0,7.0,9.0,0.0,0.0,0.0,3.0,2.0,4.0,0.0,0.0,27,Wednesday,0
07:00:00,0.0,0.0,0.0,1.0,6.0,6.0,8.0,9.0,0.0,0.0,0.0,7.0,7.0,0.0,0.0,27,Wednesday,0
08:00:00,0.0,0.0,0.0,0.0,1.0,6.0,6.0,8.0,9.0,0.0,0.0,3.0,6.0,3.0,0.0,27,Wednesday,0
09:00:00,0.0,0.0,0.0,0.0,0.0,1.0,15.0,6.0,8.0,9.0,0.0,0.0,2.0,4.0,0.0,27,Wednesday,3
10:00:00,3.0,0.0,0.0,0.0,0.0,0.0,7.0,15.0,6.0,8.0,0.0,0.0,7.0,7.0,3.0,27,Wednesday,11
11:00:00,11.0,0.0,0.0,0.0,0.0,0.0,6.0,7.0,15.0,6.0,0.0,0.0,3.0,6.0,4.0,27,Wednesday,8
12:00:00,8.0,3.0,0.0,0.0,0.0,0.0,6.0,6.0,7.0,15.0,0.0,0.0,0.0,2.0,7.0,27,Wednesday,11
13:00:00,11.0,11.0,3.0,0.0,0.0,0.0,1.0,6.0,6.0,7.0,9.0,0.0,0.0,7.0,6.0,27,Wednesday,8
14:00:00,8.0,8.0,11.0,3.0,0.0,0.0,0.0,1.0,6.0,6.0,8.0,0.0,0.0,3.0,2.0,27,Wednesday,6
15:00:00,6.0,11.0,8.0,11.0,3.0,0.0,0.0,0.0,1.0,6.0,6.0,9.0,0.0,0.0,7.0,27,Wednesday,6
16:00:00,6.0,8.0,11.0,8.0,11.0,3.0,0.0,0.0,0.0,1.0,15.0,8.0,0.0,0.0,3.0,27,Wednesday,5
17:00:00,5.0,6.0,8.0,11.0,8.0,11.0,0.0,0.0,0.0,0.0,7.0,6.0,0.0,0.0,0.0,27,Wednesday,3
18:00:00,3.0,6.0,6.0,8.0,11.0,8.0,0.0,0.0,0.0,0.0,6.0,15.0,9.0,0.0,0.0,27,Wednesday,0
19:00:00,0.0,5.0,6.0,6.0,8.0,11.0,0.0,0.0,0.0,0.0,6.0,7.0,8.0,0.0,0.0,27,Wednesday,0
06:00:00,0.0,3.0,5.0,6.0,6.0,8.0,3.0,0.0,0.0,0.0,1.0,6.0,6.0,0.0,0.0,27,Thursday,0
07:00:00,0.0,0.0,3.0,5.0,6.0,6.0,11.0,3.0,0.0,0.0,0.0,6.0,15.0,9.0,0.0,27,Thursday,0
08:00:00,0.0,0.0,0.0,3.0,5.0,6.0,8.0,11.0,3.0,0.0,0.0,1.0,7.0,8.0,0.0,27,Thursday,1
09:00:00,1.0,0.0,0.0,0.0,3.0,5.0,11.0,8.0,11.0,3.0,0.0,0.0,6.0,6.0,9.0,27,Thursday,0
10:00:00,0.0,0.0,0.0,0.0,0.0,3.0,8.0,11.0,8.0,11.0,0.0,0.0,6.0,15.0,8.0,27,Thursday,9
11:00:00,9.0,1.0,0.0,0.0,0.0,0.0,6.0,8.0,11.0,8.0,0.0,0.0,1.0,7.0,6.0,27,Thursday,4
12:00:00,4.0,0.0,1.0,0.0,0.0,0.0,6.0,6.0,8.0,11.0,0.0,0.0,0.0,6.0,15.0,27,Thursday,10
13:00:00,10.0,9.0,0.0,1.0,0.0,0.0,5.0,6.0,6.0,8.0,3.0,0.0,0.0,6.0,7.0,27,Thursday,9
14:00:00,9.0,4.0,9.0,0.0,1.0,0.0,3.0,5.0,6.0,6.0,11.0,0.0,0.0,1.0,6.0,27,Thursday,6
15:00:00,6.0,10.0,4.0,9.0,0.0,1.0,0.0,3.0,5.0,6.0,8.0,3.0,0.0,0.0,6.0,27,Thursday,9
16:00:00,9.0,9.0,10.0,4.0,9.0,0.0,0.0,0.0,3.0,5.0,11.0,11.0,0.0,0.0,1.0,27,Thursday,5
17:00:00,5.0,6.0,9.0,10.0,4.0,9.0,0.0,0.0,0.0,3.0,8.0,8.0,0.0,0.0,0.0,27,Thursday,6
18:00:00,6.0,9.0,6.0,9.0,10.0,4.0,0.0,0.0,0.0,0.0,6.0,11.0,3.0,0.0,0.0,27,Thursday,4
19:00:00,4.0,5.0,9.0,6.0,9.0,10.0,1.0,0.0,0.0,0.0,6.0,8.0,11.0,0.0,0.0,27,Thursday,3
06:00:00,3.0,6.0,5.0,9.0,6.0,9.0,0.0,1.0,0.0,0.0,5.0,6.0,8.0,0.0,0.0,27,Friday,0
07:00:00,0.0,4.0,6.0,5.0,9.0,6.0,9.0,0.0,1.0,0.0,3.0,6.0,11.0,3.0,0.0,27,Friday,0
08:00:00,0.0,3.0,4.0,6.0,5.0,9.0,4.0,9.0,0.0,1.0,0.0,5.0,8.0,11.0,0.0,27,Friday,3
09:00:00,3.0,0.0,3.0,4.0,6.0,5.0,10.0,4.0,9.0,0.0,0.0,3.0,6.0,8.0,3.0,27,Friday,3
10:00:00,3.0,0.0,0.0,3.0,4.0,6.0,9.0,10.0,4.0,9.0,0.0,0.0,6.0,11.0,11.0,27,Friday,5
11:00:00,5.0,3.0,0.0,0.0,3.0,4.0,6.0,9.0,10.0,4.0,0.0,0.0,5.0,8.0,8.0,27,Friday,4
12:00:00,4.0,3.0,3.0,0.0,0.0,3.0,9.0,6.0,9.0,10.0,1.0,0.0,3.0,6.0,11.0,27,Friday,8
13:00:00,8.0,5.0,3.0,3.0,0.0,0.0,5.0,9.0,6.0,9.0,0.0,0.0,0.0,6.0,8.0,27,Friday,10
14:00:00,10.0,4.0,5.0,3.0,3.0,0.0,6.0,5.0,9.0,6.0,9.0,1.0,0.0,5.0,6.0,27,Friday,0
15:00:00,0.0,8.0,4.0,5.0,3.0,3.0,4.0,6.0,5.0,9.0,4.0,0.0,0.0,3.0,6.0,27,Friday,6
16:00:00,6.0,10.0,8.0,4.0,5.0,3.0,3.0,4.0,6.0,5.0,10.0,9.0,0.0,0.0,5.0,27,Friday,2
17:00:00,2.0,0.0,10.0,8.0,4.0,5.0,0.0,3.0,4.0,6.0,9.0,4.0,1.0,0.0,3.0,27,Friday,1
18:00:00,1.0,6.0,0.0,10.0,8.0,4.0,0.0,0.0,3.0,4.0,6.0,10.0,0.0,0.0,0.0,27,Friday,0
19:00:00,0.0,2.0,6.0,0.0,10.0,8.0,3.0,0.0,0.0,3.0,9.0,9.0,9.0,0.0,0.0,27,Friday,0
06:00:00,0.0,1.0,2.0,6.0,0.0,10.0,3.0,3.0,0.0,0.0,5.0,6.0,4.0,1.0,0.0,27,Sunday,0
07:00:00,0.0,0.0,1.0,2.0,6.0,0.0,5.0,3.0,3.0,0.0,6.0,9.0,10.0,0.0,0.0,27,Sunday,0
08:00:00,0.0,0.0,0.0,1.0,2.0,6.0,4.0,5.0,3.0,3.0,4.0,5.0,9.0,9.0,1.0,27,Sunday,0
09:00:00,0.0,0.0,0.0,0.0,1.0,2.0,8.0,4.0,5.0,3.0,3.0,6.0,6.0,4.0,0.0,27,Sunday,0
10:00:00,0.0,0.0,0.0,0.0,0.0,1.0,10.0,8.0,4.0,5.0,0.0,4.0,9.0,10.0,9.0,27,Sunday,2
11:00:00,2.0,0.0,0.0,0.0,0.0,0.0,0.0,10.0,8.0,4.0,0.0,3.0,5.0,9.0,4.0,27,Sunday,3
12:00:00,3.0,0.0,0.0,0.0,0.0,0.0,6.0,0.0,10.0,8.0,3.0,0.0,6.0,6.0,10.0,27,Sunday,6
13:00:00,6.0,2.0,0.0,0.0,0.0,0.0,2.0,6.0,0.0,10.0,3.0,0.0,4.0,9.0,9.0,27,Sunday,1
14:00:00,1.0,3.0,2.0,0.0,0.0,0.0,1.0,2.0,6.0,0.0,5.0,3.0,3.0,5.0,6.0,27,Sunday,2
15:00:00,2.0,6.0,3.0,2.0,0.0,0.0,0.0,1.0,2.0,6.0,4.0,3.0,0.0,6.0,9.0,27,Sunday,4
16:00:00,4.0,1.0,6.0,3.0,2.0,0.0,0.0,0.0,1.0,2.0,8.0,5.0,0.0,4.0,5.0,27,Sunday,2
17:00:00,2.0,2.0,1.0,6.0,3.0,2.0,0.0,0.0,0.0,1.0,10.0,4.0,3.0,3.0,6.0,27,Sunday,0
18:00:00,0.0,4.0,2.0,1.0,6.0,3.0,0.0,0.0,0.0,0.0,0.0,8.0,3.0,0.0,4.0,27,Sunday,0
19:00:00,0.0,2.0,4.0,2.0,1.0,6.0,0.0,0.0,0.0,0.0,6.0,10.0,5.0,0.0,3.0,27,Sunday,0
06:00:00,0.0,0.0,2.0,4.0,2.0,1.0,0.0,0.0,0.0,0.0,2.0,0.0,4.0,3.0,0.0,28,Monday,0
07:00:00,0.0,0.0,0.0,2.0,4.0,2.0,2.0,0.0,0.0,0.0,1.0,6.0,8.0,3.0,0.0,28,Monday,0
08:00:00,0.0,0.0,0.0,0.0,2.0,4.0,3.0,2.0,0.0,0.0,0.0,2.0,10.0,5.0,3.0,28,Monday,0
09:00:00,0.0,0.0,0.0,0.0,0.0,2.0,6.0,3.0,2.0,0.0,0.0,1.0,0.0,4.0,3.0,28,Monday,1
10:00:00,1.0,0.0,0.0,0.0,0.0,0.0,1.0,6.0,3.0,2.0,0.0,0.0,6.0,8.0,5.0,28,Monday,4
11:00:00,4.0,0.0,0.0,0.0,0.0,0.0,2.0,1.0,6.0,3.0,0.0,0.0,2.0,10.0,4.0,28,Monday,5
12:00:00,5.0,1.0,0.0,0.0,0.0,0.0,4.0,2.0,1.0,6.0,0.0,0.0,1.0,0.0,8.0,28,Monday,9
13:00:00,9.0,4.0,1.0,0.0,0.0,0.0,2.0,4.0,2.0,1.0,0.0,0.0,0.0,6.0,10.0,28,Monday,8
14:00:00,8.0,5.0,4.0,1.0,0.0,0.0,0.0,2.0,4.0,2.0,2.0,0.0,0.0,2.0,0.0,28,Monday,8
15:00:00,8.0,9.0,5.0,4.0,1.0,0.0,0.0,0.0,2.0,4.0,3.0,0.0,0.0,1.0,6.0,28,Monday,6
16:00:00,6.0,8.0,9.0,5.0,4.0,1.0,0.0,0.0,0.0,2.0,6.0,2.0,0.0,0.0,2.0,28,Monday,1
17:00:00,1.0,8.0,8.0,9.0,5.0,4.0,0.0,0.0,0.0,0.0,1.0,3.0,0.0,0.0,1.0,28,Monday,2
18:00:00,2.0,6.0,8.0,8.0,9.0,5.0,0.0,0.0,0.0,0.0,2.0,6.0,0.0,0.0,0.0,28,Monday,0
19:00:00,0.0,1.0,6.0,8.0,8.0,9.0,0.0,0.0,0.0,0.0,4.0,1.0,2.0,0.0,0.0,28,Monday,0
06:00:00,0.0,2.0,1.0,6.0,8.0,8.0,1.0,0.0,0.0,0.0,2.0,2.0,3.0,0.0,0.0,28,Tuesday,0
07:00:00,0.0,0.0,2.0,1.0,6.0,8.0,4.0,1.0,0.0,0.0,0.0,4.0,6.0,0.0,0.0,28,Tuesday,0
08:00:00,0.0,0.0,0.0,2.0,1.0,6.0,5.0,4.0,1.0,0.0,0.0,2.0,1.0,2.0,0.0,28,Tuesday,1
09:00:00,1.0,0.0,0.0,0.0,2.0,1.0,9.0,5.0,4.0,1.0,0.0,0.0,2.0,3.0,0.0,28,Tuesday,4
10:00:00,4.0,0.0,0.0,0.0,0.0,2.0,8.0,9.0,5.0,4.0,0.0,0.0,4.0,6.0,2.0,28,Tuesday,8
11:00:00,8.0,1.0,0.0,0.0,0.0,0.0,8.0,8.0,9.0,5.0,0.0,0.0,2.0,1.0,3.0,28,Tuesday,6
12:00:00,6.0,4.0,1.0,0.0,0.0,0.0,6.0,8.0,8.0,9.0,0.0,0.0,0.0,2.0,6.0,28,Tuesday,5
13:00:00,5.0,8.0,4.0,1.0,0.0,0.0,1.0,6.0,8.0,8.0,1.0,0.0,0.0,4.0,1.0,28,Tuesday,3
14:00:00,3.0,6.0,8.0,4.0,1.0,0.0,2.0,1.0,6.0,8.0,4.0,0.0,0.0,2.0,2.0,28,Tuesday,4
15:00:00,4.0,5.0,6.0,8.0,4.0,1.0,0.0,2.0,1.0,6.0,5.0,1.0,0.0,0.0,4.0,28,Tuesday,6
16:00:00,6.0,3.0,5.0,6.0,8.0,4.0,0.0,0.0,2.0,1.0,9.0,4.0,0.0,0.0,2.0,28,Tuesday,2
17:00:00,2.0,4.0,3.0,5.0,6.0,8.0,0.0,0.0,0.0,2.0,8.0,5.0,0.0,0.0,0.0,28,Tuesday,3
18:00:00,3.0,6.0,4.0,3.0,5.0,6.0,0.0,0.0,0.0,0.0,8.0,9.0,1.0,0.0,0.0,28,Tuesday,0
19:00:00,0.0,2.0,6.0,4.0,3.0,5.0,1.0,0.0,0.0,0.0,6.0,8.0,4.0,0.0,0.0,28,Tuesday,0
06:00:00,0.0,3.0,2.0,6.0,4.0,3.0,4.0,1.0,0.0,0.0,1.0,8.0,5.0,0.0,0.0,28,Wednesday,0
07:00:00,0.0,0.0,3.0,2.0,6.0,4.0,8.0,4.0,1.0,0.0,2.0,6.0,9.0,1.0,0.0,28,Wednesday,0
08:00:00,0.0,0.0,0.0,3.0,2.0,6.0,6.0,8.0,4.0,1.0,0.0,1.0,8.0,4.0,0.0,28,Wednesday,1
09:00:00,1.0,0.0,0.0,0.0,3.0,2.0,5.0,6.0,8.0,4.0,0.0,2.0,8.0,5.0,1.0,28,Wednesday,3
10:00:00,3.0,0.0,0.0,0.0,0.0,3.0,3.0,5.0,6.0,8.0,0.0,0.0,6.0,9.0,4.0,28,Wednesday,9
11:00:00,9.0,1.0,0.0,0.0,0.0,0.0,4.0,3.0,5.0,6.0,0.0,0.0,1.0,8.0,5.0,28,Wednesday,12
12:00:00,12.0,3.0,1.0,0.0,0.0,0.0,6.0,4.0,3.0,5.0,1.0,0.0,2.0,8.0,9.0,28,Wednesday,9
13:00:00,9.0,9.0,3.0,1.0,0.0,0.0,2.0,6.0,4.0,3.0,4.0,0.0,0.0,6.0,8.0,28,Wednesday,6
14:00:00,6.0,12.0,9.0,3.0,1.0,0.0,3.0,2.0,6.0,4.0,8.0,1.0,0.0,1.0,8.0,28,Wednesday,2
15:00:00,2.0,9.0,12.0,9.0,3.0,1.0,0.0,3.0,2.0,6.0,6.0,4.0,0.0,2.0,6.0,28,Wednesday,6
16:00:00,6.0,6.0,9.0,12.0,9.0,3.0,0.0,0.0,3.0,2.0,5.0,8.0,0.0,0.0,1.0,28,Wednesday,1
17:00:00,1.0,2.0,6.0,9.0,12.0,9.0,0.0,0.0,0.0,3.0,3.0,6.0,1.0,0.0,2.0,28,Wednesday,1
18:00:00,1.0,6.0,2.0,6.0,9.0,12.0,0.0,0.0,0.0,0.0,4.0,5.0,4.0,0.0,0.0,28,Wednesday,0
19:00:00,0.0,1.0,6.0,2.0,6.0,9.0,1.0,0.0,0.0,0.0,6.0,3.0,8.0,0.0,0.0,28,Wednesday,0
06:00:00,0.0,1.0,1.0,6.0,2.0,6.0,3.0,1.0,0.0,0.0,2.0,4.0,6.0,1.0,0.0,28,Thursday,0
07:00:00,0.0,0.0,1.0,1.0,6.0,2.0,9.0,3.0,1.0,0.0,3.0,6.0,5.0,4.0,0.0,28,Thursday,0
08:00:00,0.0,0.0,0.0,1.0,1.0,6.0,12.0,9.0,3.0,1.0,0.0,2.0,3.0,8.0,1.0,28,Thursday,1
09:00:00,1.0,0.0,0.0,0.0,1.0,1.0,9.0,12.0,9.0,3.0,0.0,3.0,4.0,6.0,4.0,28,Thursday,5
10:00:00,5.0,0.0,0.0,0.0,0.0,1.0,6.0,9.0,12.0,9.0,0.0,0.0,6.0,5.0,8.0,28,Thursday,6
11:00:00,6.0,1.0,0.0,0.0,0.0,0.0,2.0,6.0,9.0,12.0,0.0,0.0,2.0,3.0,6.0,28,Thursday,7
12:00:00,7.0,5.0,1.0,0.0,0.0,0.0,6.0,2.0,6.0,9.0,1.0,0.0,3.0,4.0,5.0,28,Thursday,7
13:00:00,7.0,6.0,5.0,1.0,0.0,0.0,1.0,6.0,2.0,6.0,3.0,0.0,0.0,6.0,3.0,28,Thursday,7
14:00:00,7.0,7.0,6.0,5.0,1.0,0.0,1.0,1.0,6.0,2.0,9.0,1.0,0.0,2.0,4.0,28,Thursday,3
15:00:00,3.0,7.0,7.0,6.0,5.0,1.0,0.0,1.0,1.0,6.0,12.0,3.0,0.0,3.0,6.0,28,Thursday,6
16:00:00,6.0,7.0,7.0,7.0,6.0,5.0,0.0,0.0,1.0,1.0,9.0,9.0,0.0,0.0,2.0,28,Thursday,7
17:00:00,7.0,3.0,7.0,7.0,7.0,6.0,0.0,0.0,0.0,1.0,6.0,12.0,1.0,0.0,3.0,28,Thursday,6
18:00:00,6.0,6.0,3.0,7.0,7.0,7.0,0.0,0.0,0.0,0.0,2.0,9.0,3.0,0.0,0.0,28,Thursday,4
19:00:00,4.0,7.0,6.0,3.0,7.0,7.0,1.0,0.0,0.0,0.0,6.0,6.0,9.0,0.0,0.0,28,Thursday,1
06:00:00,1.0,6.0,7.0,6.0,3.0,7.0,5.0,1.0,0.0,0.0,1.0,2.0,12.0,1.0,0.0,28,Friday,0
07:00:00,0.0,4.0,6.0,7.0,6.0,3.0,6.0,5.0,1.0,0.0,1.0,6.0,9.0,3.0,0.0,28,Friday,0
08:00:00,0.0,1.0,4.0,6.0,7.0,6.0,7.0,6.0,5.0,1.0,0.0,1.0,6.0,9.0,1.0,28,Friday,2
09:00:00,2.0,0.0,1.0,4.0,6.0,7.0,7.0,7.0,6.0,5.0,0.0,1.0,2.0,12.0,3.0,28,Friday,1
10:00:00,1.0,0.0,0.0,1.0,4.0,6.0,7.0,7.0,7.0,6.0,0.0,0.0,6.0,9.0,9.0,28,Friday,6
11:00:00,6.0,2.0,0.0,0.0,1.0,4.0,3.0,7.0,7.0,7.0,0.0,0.0,1.0,6.0,12.0,28,Friday,6
12:00:00,6.0,1.0,2.0,0.0,0.0,1.0,6.0,3.0,7.0,7.0,1.0,0.0,1.0,2.0,9.0,28,Friday,6
13:00:00,6.0,6.0,1.0,2.0,0.0,0.0,7.0,6.0,3.0,7.0,5.0,0.0,0.0,6.0,6.0,28,Friday,6
14:00:00,6.0,6.0,6.0,1.0,2.0,0.0,6.0,7.0,6.0,3.0,6.0,1.0,0.0,1.0,2.0,28,Friday,4
15:00:00,4.0,6.0,6.0,6.0,1.0,2.0,4.0,6.0,7.0,6.0,7.0,5.0,0.0,1.0,6.0,28,Friday,2
16:00:00,2.0,6.0,6.0,6.0,6.0,1.0,1.0,4.0,6.0,7.0,7.0,6.0,0.0,0.0,1.0,28,Friday,1
17:00:00,1.0,4.0,6.0,6.0,6.0,6.0,0.0,1.0,4.0,6.0,7.0,7.0,1.0,0.0,1.0,28,Friday,1
18:00:00,1.0,2.0,4.0,6.0,6.0,6.0,0.0,0.0,1.0,4.0,3.0,7.0,5.0,0.0,0.0,28,Friday,0
19:00:00,0.0,1.0,2.0,4.0,6.0,6.0,2.0,0.0,0.0,1.0,6.0,7.0,6.0,0.0,0.0,28,Friday,0
06:00:00,0.0,1.0,1.0,2.0,4.0,6.0,1.0,2.0,0.0,0.0,7.0,3.0,7.0,1.0,0.0,28,Sunday,0
07:00:00,0.0,0.0,1.0,1.0,2.0,4.0,6.0,1.0,2.0,0.0,6.0,6.0,7.0,5.0,0.0,28,Sunday,0
08:00:00,0.0,0.0,0.0,1.0,1.0,2.0,6.0,6.0,1.0,2.0,4.0,7.0,7.0,6.0,1.0,28,Sunday,0
09:00:00,0.0,0.0,0.0,0.0,1.0,1.0,6.0,6.0,6.0,1.0,1.0,6.0,3.0,7.0,5.0,28,Sunday,0
10:00:00,0.0,0.0,0.0,0.0,0.0,1.0,6.0,6.0,6.0,6.0,0.0,4.0,6.0,7.0,6.0,28,Sunday,3
11:00:00,3.0,0.0,0.0,0.0,0.0,0.0,4.0,6.0,6.0,6.0,0.0,1.0,7.0,7.0,7.0,28,Sunday,9
12:00:00,9.0,0.0,0.0,0.0,0.0,0.0,2.0,4.0,6.0,6.0,2.0,0.0,6.0,3.0,7.0,28,Sunday,9
13:00:00,9.0,3.0,0.0,0.0,0.0,0.0,1.0,2.0,4.0,6.0,1.0,0.0,4.0,6.0,7.0,28,Sunday,12
14:00:00,12.0,9.0,3.0,0.0,0.0,0.0,1.0,1.0,2.0,4.0,6.0,2.0,1.0,7.0,3.0,28,Sunday,6
15:00:00,6.0,9.0,9.0,3.0,0.0,0.0,0.0,1.0,1.0,2.0,6.0,1.0,0.0,6.0,6.0,28,Sunday,7
16:00:00,7.0,12.0,9.0,9.0,3.0,0.0,0.0,0.0,1.0,1.0,6.0,6.0,0.0,4.0,7.0,28,Sunday,0
17:00:00,0.0,6.0,12.0,9.0,9.0,3.0,0.0,0.0,0.0,1.0,6.0,6.0,2.0,1.0,6.0,28,Sunday,0
18:00:00,0.0,7.0,6.0,12.0,9.0,9.0,0.0,0.0,0.0,0.0,4.0,6.0,1.0,0.0,4.0,28,Sunday,0
19:00:00,0.0,0.0,7.0,6.0,12.0,9.0,0.0,0.0,0.0,0.0,2.0,6.0,6.0,0.0,1.0,28,Sunday,0
06:00:00,0.0,0.0,0.0,7.0,6.0,12.0,0.0,0.0,0.0,0.0,1.0,4.0,6.0,2.0,0.0,29,Monday,0
07:00:00,0.0,0.0,0.0,0.0,7.0,6.0,3.0,0.0,0.0,0.0,1.0,2.0,6.0,1.0,0.0,29,Monday,0
08:00:00,0.0,0.0,0.0,0.0,0.0,7.0,9.0,3.0,0.0,0.0,0.0,1.0,6.0,6.0,2.0,29,Monday,1
09:00:00,1.0,0.0,0.0,0.0,0.0,0.0,9.0,9.0,3.0,0.0,0.0,1.0,4.0,6.0,1.0,29,Monday,4
10:00:00,4.0,0.0,0.0,0.0,0.0,0.0,12.0,9.0,9.0,3.0,0.0,0.0,2.0,6.0,6.0,29,Monday,6
11:00:00,6.0,1.0,0.0,0.0,0.0,0.0,6.0,12.0,9.0,9.0,0.0,0.0,1.0,6.0,6.0,29,Monday,6
12:00:00,6.0,4.0,1.0,0.0,0.0,0.0,7.0,6.0,12.0,9.0,0.0,0.0,1.0,4.0,6.0,29,Monday,8
13:00:00,8.0,6.0,4.0,1.0,0.0,0.0,0.0,7.0,6.0,12.0,0.0,0.0,0.0,2.0,6.0,29,Monday,4
14:00:00,4.0,6.0,6.0,4.0,1.0,0.0,0.0,0.0,7.0,6.0,3.0,0.0,0.0,1.0,4.0,29,Monday,8
15:00:00,8.0,8.0,6.0,6.0,4.0,1.0,0.0,0.0,0.0,7.0,9.0,0.0,0.0,1.0,2.0,29,Monday,3
16:00:00,3.0,4.0,8.0,6.0,6.0,4.0,0.0,0.0,0.0,0.0,9.0,3.0,0.0,0.0,1.0,29,Monday,3
17:00:00,3.0,8.0,4.0,8.0,6.0,6.0,0.0,0.0,0.0,0.0,12.0,9.0,0.0,0.0,1.0,29,Monday,2
18:00:00,2.0,3.0,8.0,4.0,8.0,6.0,0.0,0.0,0.0,0.0,6.0,9.0,0.0,0.0,0.0,29,Monday,0
19:00:00,0.0,3.0,3.0,8.0,4.0,8.0,1.0,0.0,0.0,0.0,7.0,12.0,3.0,0.0,0.0,29,Monday,0
06:00:00,0.0,2.0,3.0,3.0,8.0,4.0,4.0,1.0,0.0,0.0,0.0,6.0,9.0,0.0,0.0,29,Tuesday,0
07:00:00,0.0,0.0,2.0,3.0,3.0,8.0,6.0,4.0,1.0,0.0,0.0,7.0,9.0,0.0,0.0,29,Tuesday,0
08:00:00,0.0,0.0,0.0,2.0,3.0,3.0,6.0,6.0,4.0,1.0,0.0,0.0,12.0,3.0,0.0,29,Tuesday,0
09:00:00,0.0,0.0,0.0,0.0,2.0,3.0,8.0,6.0,6.0,4.0,0.0,0.0,6.0,9.0,0.0,29,Tuesday,8
10:00:00,8.0,0.0,0.0,0.0,0.0,2.0,4.0,8.0,6.0,6.0,0.0,0.0,7.0,9.0,3.0,29,Tuesday,5
11:00:00,5.0,0.0,0.0,0.0,0.0,0.0,8.0,4.0,8.0,6.0,0.0,0.0,0.0,12.0,9.0,29,Tuesday,7
12:00:00,7.0,8.0,0.0,0.0,0.0,0.0,3.0,8.0,4.0,8.0,1.0,0.0,0.0,6.0,9.0,29,Tuesday,13
13:00:00,13.0,5.0,8.0,0.0,0.0,0.0,3.0,3.0,8.0,4.0,4.0,0.0,0.0,7.0,12.0,29,Tuesday,5
14:00:00,5.0,7.0,5.0,8.0,0.0,0.0,2.0,3.0,3.0,8.0,6.0,1.0,0.0,0.0,6.0,29,Tuesday,5
15:00:00,5.0,13.0,7.0,5.0,8.0,0.0,0.0,2.0,3.0,3.0,6.0,4.0,0.0,0.0,7.0,29,Tuesday,8
16:00:00,8.0,5.0,13.0,7.0,5.0,8.0,0.0,0.0,2.0,3.0,8.0,6.0,0.0,0.0,0.0,29,Tuesday,4
17:00:00,4.0,5.0,5.0,13.0,7.0,5.0,0.0,0.0,0.0,2.0,4.0,6.0,1.0,0.0,0.0,29,Tuesday,3
18:00:00,3.0,8.0,5.0,5.0,13.0,7.0,0.0,0.0,0.0,0.0,8.0,8.0,4.0,0.0,0.0,29,Tuesday,0
19:00:00,0.0,4.0,8.0,5.0,5.0,13.0,0.0,0.0,0.0,0.0,3.0,4.0,6.0,0.0,0.0,29,Tuesday,0
06:00:00,0.0,3.0,4.0,8.0,5.0,5.0,8.0,0.0,0.0,0.0,3.0,8.0,6.0,1.0,0.0,29,Wednesday,0
07:00:00,0.0,0.0,3.0,4.0,8.0,5.0,5.0,8.0,0.0,0.0,2.0,3.0,8.0,4.0,0.0,29,Wednesday,0
08:00:00,0.0,0.0,0.0,3.0,4.0,8.0,7.0,5.0,8.0,0.0,0.0,3.0,4.0,6.0,1.0,29,Wednesday,2
09:00:00,2.0,0.0,0.0,0.0,3.0,4.0,13.0,7.0,5.0,8.0,0.0,2.0,8.0,6.0,4.0,29,Wednesday,2
10:00:00,2.0,0.0,0.0,0.0,0.0,3.0,5.0,13.0,7.0,5.0,0.0,0.0,3.0,8.0,6.0,29,Wednesday,5
11:00:00,5.0,2.0,0.0,0.0,0.0,0.0,5.0,5.0,13.0,7.0,0.0,0.0,3.0,4.0,6.0,29,Wednesday,9
12:00:00,9.0,2.0,2.0,0.0,0.0,0.0,8.0,5.0,5.0,13.0,0.0,0.0,2.0,8.0,8.0,29,Wednesday,12
13:00:00,12.0,5.0,2.0,2.0,0.0,0.0,4.0,8.0,5.0,5.0,8.0,0.0,0.0,3.0,4.0,29,Wednesday,7
14:00:00,7.0,9.0,5.0,2.0,2.0,0.0,3.0,4.0,8.0,5.0,5.0,0.0,0.0,3.0,8.0,29,Wednesday,7
15:00:00,7.0,12.0,9.0,5.0,2.0,2.0,0.0,3.0,4.0,8.0,7.0,8.0,0.0,2.0,3.0,29,Wednesday,3
16:00:00,3.0,7.0,12.0,9.0,5.0,2.0,0.0,0.0,3.0,4.0,13.0,5.0,0.0,0.0,3.0,29,Wednesday,0
17:00:00,0.0,7.0,7.0,12.0,9.0,5.0,0.0,0.0,0.0,3.0,5.0,7.0,0.0,0.0,2.0,29,Wednesday,0
18:00:00,0.0,3.0,7.0,7.0,12.0,9.0,0.0,0.0,0.0,0.0,5.0,13.0,8.0,0.0,0.0,29,Wednesday,0
19:00:00,0.0,0.0,3.0,7.0,7.0,12.0,2.0,0.0,0.0,0.0,8.0,5.0,5.0,0.0,0.0,29,Wednesday,0
06:00:00,0.0,0.0,0.0,3.0,7.0,7.0,2.0,2.0,0.0,0.0,4.0,5.0,7.0,0.0,0.0,29,Thursday,0
07:00:00,0.0,0.0,0.0,0.0,3.0,7.0,5.0,2.0,2.0,0.0,3.0,8.0,13.0,8.0,0.0,29,Thursday,0
08:00:00,0.0,0.0,0.0,0.0,0.0,3.0,9.0,5.0,2.0,2.0,0.0,4.0,5.0,5.0,0.0,29,Thursday,1
09:00:00,1.0,0.0,0.0,0.0,0.0,0.0,12.0,9.0,5.0,2.0,0.0,3.0,5.0,7.0,8.0,29,Thursday,1
10:00:00,1.0,0.0,0.0,0.0,0.0,0.0,7.0,12.0,9.0,5.0,0.0,0.0,8.0,13.0,5.0,29,Thursday,8
11:00:00,8.0,1.0,0.0,0.0,0.0,0.0,7.0,7.0,12.0,9.0,0.0,0.0,4.0,5.0,7.0,29,Thursday,5
12:00:00,5.0,1.0,1.0,0.0,0.0,0.0,3.0,7.0,7.0,12.0,2.0,0.0,3.0,5.0,13.0,29,Thursday,8
13:00:00,8.0,8.0,1.0,1.0,0.0,0.0,0.0,3.0,7.0,7.0,2.0,0.0,0.0,8.0,5.0,29,Thursday,7
14:00:00,7.0,5.0,8.0,1.0,1.0,0.0,0.0,0.0,3.0,7.0,5.0,2.0,0.0,4.0,5.0,29,Thursday,4
15:00:00,4.0,8.0,5.0,8.0,1.0,1.0,0.0,0.0,0.0,3.0,9.0,2.0,0.0,3.0,8.0,29,Thursday,6
16:00:00,6.0,7.0,8.0,5.0,8.0,1.0,0.0,0.0,0.0,0.0,12.0,5.0,0.0,0.0,4.0,29,Thursday,4
17:00:00,4.0,4.0,7.0,8.0,5.0,8.0,0.0,0.0,0.0,0.0,7.0,9.0,2.0,0.0,3.0,29,Thursday,8
18:00:00,8.0,6.0,4.0,7.0,8.0,5.0,0.0,0.0,0.0,0.0,7.0,12.0,2.0,0.0,0.0,29,Thursday,8
19:00:00,8.0,4.0,6.0,4.0,7.0,8.0,1.0,0.0,0.0,0.0,3.0,7.0,5.0,0.0,0.0,29,Thursday,2
06:00:00,2.0,8.0,4.0,6.0,4.0,7.0,1.0,1.0,0.0,0.0,0.0,7.0,9.0,2.0,0.0,29,Friday,0
07:00:00,0.0,8.0,8.0,4.0,6.0,4.0,8.0,1.0,1.0,0.0,0.0,3.0,12.0,2.0,0.0,29,Friday,0
08:00:00,0.0,2.0,8.0,8.0,4.0,6.0,5.0,8.0,1.0,1.0,0.0,0.0,7.0,5.0,2.0,29,Friday,0
09:00:00,0.0,0.0,2.0,8.0,8.0,4.0,8.0,5.0,8.0,1.0,0.0,0.0,7.0,9.0,2.0,29,Friday,2
10:00:00,2.0,0.0,0.0,2.0,8.0,8.0,7.0,8.0,5.0,8.0,0.0,0.0,3.0,12.0,5.0,29,Friday,6
11:00:00,6.0,0.0,0.0,0.0,2.0,8.0,4.0,7.0,8.0,5.0,0.0,0.0,0.0,7.0,9.0,29,Friday,3
12:00:00,3.0,2.0,0.0,0.0,0.0,2.0,6.0,4.0,7.0,8.0,1.0,0.0,0.0,7.0,12.0,29,Friday,5
13:00:00,5.0,6.0,2.0,0.0,0.0,0.0,4.0,6.0,4.0,7.0,1.0,0.0,0.0,3.0,7.0,29,Friday,6
14:00:00,6.0,3.0,6.0,2.0,0.0,0.0,8.0,4.0,6.0,4.0,8.0,1.0,0.0,0.0,7.0,29,Friday,6
15:00:00,6.0,5.0,3.0,6.0,2.0,0.0,8.0,8.0,4.0,6.0,5.0,1.0,0.0,0.0,3.0,29,Friday,3
16:00:00,3.0,6.0,5.0,3.0,6.0,2.0,2.0,8.0,8.0,4.0,8.0,8.0,0.0,0.0,0.0,29,Friday,2
17:00:00,2.0,6.0,6.0,5.0,3.0,6.0,0.0,2.0,8.0,8.0,7.0,5.0,1.0,0.0,0.0,29,Friday,1
18:00:00,1.0,3.0,6.0,6.0,5.0,3.0,0.0,0.0,2.0,8.0,4.0,8.0,1.0,0.0,0.0,29,Friday,0
19:00:00,0.0,2.0,3.0,6.0,6.0,5.0,0.0,0.0,0.0,2.0,6.0,7.0,8.0,0.0,0.0,29,Friday,0
06:00:00,0.0,1.0,2.0,3.0,6.0,6.0,2.0,0.0,0.0,0.0,4.0,4.0,5.0,1.0,0.0,29,Sunday,0
07:00:00,0.0,0.0,1.0,2.0,3.0,6.0,6.0,2.0,0.0,0.0,8.0,6.0,8.0,1.0,0.0,29,Sunday,0
08:00:00,0.0,0.0,0.0,1.0,2.0,3.0,3.0,6.0,2.0,0.0,8.0,4.0,7.0,8.0,1.0,29,Sunday,0
09:00:00,0.0,0.0,0.0,0.0,1.0,2.0,5.0,3.0,6.0,2.0,2.0,8.0,4.0,5.0,1.0,29,Sunday,0
10:00:00,0.0,0.0,0.0,0.0,0.0,1.0,6.0,5.0,3.0,6.0,0.0,8.0,6.0,8.0,8.0,29,Sunday,7
11:00:00,7.0,0.0,0.0,0.0,0.0,0.0,6.0,6.0,5.0,3.0,0.0,2.0,4.0,7.0,5.0,29,Sunday,11
12:00:00,11.0,0.0,0.0,0.0,0.0,0.0,3.0,6.0,6.0,5.0,0.0,0.0,8.0,4.0,8.0,29,Sunday,9
13:00:00,9.0,7.0,0.0,0.0,0.0,0.0,2.0,3.0,6.0,6.0,2.0,0.0,8.0,6.0,7.0,29,Sunday,9
14:00:00,9.0,11.0,7.0,0.0,0.0,0.0,1.0,2.0,3.0,6.0,6.0,0.0,2.0,4.0,4.0,29,Sunday,6
15:00:00,6.0,9.0,11.0,7.0,0.0,0.0,0.0,1.0,2.0,3.0,3.0,2.0,0.0,8.0,6.0,29,Sunday,8
16:00:00,8.0,9.0,9.0,11.0,7.0,0.0,0.0,0.0,1.0,2.0,5.0,6.0,0.0,8.0,4.0,29,Sunday,3
17:00:00,3.0,6.0,9.0,9.0,11.0,7.0,0.0,0.0,0.0,1.0,6.0,3.0,0.0,2.0,8.0,29,Sunday,0
18:00:00,0.0,8.0,6.0,9.0,9.0,11.0,0.0,0.0,0.0,0.0,6.0,5.0,2.0,0.0,8.0,29,Sunday,0
19:00:00,0.0,3.0,8.0,6.0,9.0,9.0,0.0,0.0,0.0,0.0,3.0,6.0,6.0,0.0,2.0,29,Sunday,0
06:00:00,0.0,0.0,3.0,8.0,6.0,9.0,0.0,0.0,0.0,0.0,2.0,6.0,3.0,0.0,0.0,30,Monday,0
07:00:00,0.0,0.0,0.0,3.0,8.0,6.0,7.0,0.0,0.0,0.0,1.0,3.0,5.0,2.0,0.0,30,Monday,0
08:00:00,0.0,0.0,0.0,0.0,3.0,8.0,11.0,7.0,0.0,0.0,0.0,2.0,6.0,6.0,0.0,30,Monday,1
09:00:00,1.0,0.0,0.0,0.0,0.0,3.0,9.0,11.0,7.0,0.0,0.0,1.0,6.0,3.0,2.0,30,Monday,4
10:00:00,4.0,0.0,0.0,0.0,0.0,0.0,9.0,9.0,11.0,7.0,0.0,0.0,3.0,5.0,6.0,30,Monday,6
11:00:00,6.0,1.0,0.0,0.0,0.0,0.0,6.0,9.0,9.0,11.0,0.0,0.0,2.0,6.0,3.0,30,Monday,8
12:00:00,8.0,4.0,1.0,0.0,0.0,0.0,8.0,6.0,9.0,9.0,0.0,0.0,1.0,6.0,5.0,30,Monday,9
13:00:00,9.0,6.0,4.0,1.0,0.0,0.0,3.0,8.0,6.0,9.0,0.0,0.0,0.0,3.0,6.0,30,Monday,10
14:00:00,10.0,8.0,6.0,4.0,1.0,0.0,0.0,3.0,8.0,6.0,7.0,0.0,0.0,2.0,6.0,30,Monday,3
15:00:00,3.0,9.0,8.0,6.0,4.0,1.0,0.0,0.0,3.0,8.0,11.0,0.0,0.0,1.0,3.0,30,Monday,6
16:00:00,6.0,10.0,9.0,8.0,6.0,4.0,0.0,0.0,0.0,3.0,9.0,7.0,0.0,0.0,2.0,30,Monday,2
17:00:00,2.0,3.0,10.0,9.0,8.0,6.0,0.0,0.0,0.0,0.0,9.0,11.0,0.0,0.0,1.0,30,Monday,1
18:00:00,1.0,6.0,3.0,10.0,9.0,8.0,0.0,0.0,0.0,0.0,6.0,9.0,0.0,0.0,0.0,30,Monday,0
19:00:00,0.0,2.0,6.0,3.0,10.0,9.0,1.0,0.0,0.0,0.0,8.0,9.0,7.0,0.0,0.0,30,Monday,0
06:00:00,0.0,1.0,2.0,6.0,3.0,10.0,4.0,1.0,0.0,0.0,3.0,6.0,11.0,0.0,0.0,30,Tuesday,0
07:00:00,0.0,0.0,1.0,2.0,6.0,3.0,6.0,4.0,1.0,0.0,0.0,8.0,9.0,0.0,0.0,30,Tuesday,0
08:00:00,0.0,0.0,0.0,1.0,2.0,6.0,8.0,6.0,4.0,1.0,0.0,3.0,9.0,7.0,0.0,30,Tuesday,1
09:00:00,1.0,0.0,0.0,0.0,1.0,2.0,9.0,8.0,6.0,4.0,0.0,0.0,6.0,11.0,0.0,30,Tuesday,5
10:00:00,5.0,0.0,0.0,0.0,0.0,1.0,10.0,9.0,8.0,6.0,0.0,0.0,8.0,9.0,7.0,30,Tuesday,4
11:00:00,4.0,1.0,0.0,0.0,0.0,0.0,3.0,10.0,9.0,8.0,0.0,0.0,3.0,9.0,11.0,30,Tuesday,5
12:00:00,5.0,5.0,1.0,0.0,0.0,0.0,6.0,3.0,10.0,9.0,1.0,0.0,0.0,6.0,9.0,30,Tuesday,10
13:00:00,10.0,4.0,5.0,1.0,0.0,0.0,2.0,6.0,3.0,10.0,4.0,0.0,0.0,8.0,9.0,30,Tuesday,4
14:00:00,4.0,5.0,4.0,5.0,1.0,0.0,1.0,2.0,6.0,3.0,6.0,1.0,0.0,3.0,6.0,30,Tuesday,7
15:00:00,7.0,10.0,5.0,4.0,5.0,1.0,0.0,1.0,2.0,6.0,8.0,4.0,0.0,0.0,8.0,30,Tuesday,4
16:00:00,4.0,4.0,10.0,5.0,4.0,5.0,0.0,0.0,1.0,2.0,9.0,6.0,0.0,0.0,3.0,30,Tuesday,2
17:00:00,2.0,7.0,4.0,10.0,5.0,4.0,0.0,0.0,0.0,1.0,10.0,8.0,1.0,0.0,0.0,30,Tuesday,2
18:00:00,2.0,4.0,7.0,4.0,10.0,5.0,0.0,0.0,0.0,0.0,3.0,9.0,4.0,0.0,0.0,30,Tuesday,0
19:00:00,0.0,2.0,4.0,7.0,4.0,10.0,1.0,0.0,0.0,0.0,6.0,10.0,6.0,0.0,0.0,30,Tuesday,0
06:00:00,0.0,2.0,2.0,4.0,7.0,4.0,5.0,1.0,0.0,0.0,2.0,3.0,8.0,1.0,0.0,30,Wednesday,0
07:00:00,0.0,0.0,2.0,2.0,4.0,7.0,4.0,5.0,1.0,0.0,1.0,6.0,9.0,4.0,0.0,30,Wednesday,0
08:00:00,0.0,0.0,0.0,2.0,2.0,4.0,5.0,4.0,5.0,1.0,0.0,2.0,10.0,6.0,1.0,30,Wednesday,1
09:00:00,1.0,0.0,0.0,0.0,2.0,2.0,10.0,5.0,4.0,5.0,0.0,1.0,3.0,8.0,4.0,30,Wednesday,7
10:00:00,7.0,0.0,0.0,0.0,0.0,2.0,4.0,10.0,5.0,4.0,0.0,0.0,6.0,9.0,6.0,30,Wednesday,7
11:00:00,7.0,1.0,0.0,0.0,0.0,0.0,7.0,4.0,10.0,5.0,0.0,0.0,2.0,10.0,8.0,30,Wednesday,3
12:00:00,3.0,7.0,1.0,0.0,0.0,0.0,4.0,7.0,4.0,10.0,1.0,0.0,1.0,3.0,9.0,30,Wednesday,5
13:00:00,5.0,7.0,7.0,1.0,0.0,0.0,2.0,4.0,7.0,4.0,5.0,0.0,0.0,6.0,10.0,30,Wednesday,7
14:00:00,7.0,3.0,7.0,7.0,1.0,0.0,2.0,2.0,4.0,7.0,4.0,1.0,0.0,2.0,3.0,30,Wednesday,3
15:00:00,3.0,5.0,3.0,7.0,7.0,1.0,0.0,2.0,2.0,4.0,5.0,5.0,0.0,1.0,6.0,30,Wednesday,5
16:00:00,5.0,7.0,5.0,3.0,7.0,7.0,0.0,0.0,2.0,2.0,10.0,4.0,0.0,0.0,2.0,30,Wednesday,0
17:00:00,0.0,3.0,7.0,5.0,3.0,7.0,0.0,0.0,0.0,2.0,4.0,5.0,1.0,0.0,1.0,30,Wednesday,1
18:00:00,1.0,5.0,3.0,7.0,5.0,3.0,0.0,0.0,0.0,0.0,7.0,10.0,5.0,0.0,0.0,30,Wednesday,0
19:00:00,0.0,0.0,5.0,3.0,7.0,5.0,1.0,0.0,0.0,0.0,4.0,4.0,4.0,0.0,0.0,30,Wednesday,0
06:00:00,0.0,1.0,0.0,5.0,3.0,7.0,7.0,1.0,0.0,0.0,2.0,7.0,5.0,1.0,0.0,30,Thursday,0
07:00:00,0.0,0.0,1.0,0.0,5.0,3.0,7.0,7.0,1.0,0.0,2.0,4.0,10.0,5.0,0.0,30,Thursday,0
08:00:00,0.0,0.0,0.0,1.0,0.0,5.0,3.0,7.0,7.0,1.0,0.0,2.0,4.0,4.0,1.0,30,Thursday,1
09:00:00,1.0,0.0,0.0,0.0,1.0,0.0,5.0,3.0,7.0,7.0,0.0,2.0,7.0,5.0,5.0,30,Thursday,8
10:00:00,8.0,0.0,0.0,0.0,0.0,1.0,7.0,5.0,3.0,7.0,0.0,0.0,4.0,10.0,4.0,30,Thursday,6
11:00:00,6.0,1.0,0.0,0.0,0.0,0.0,3.0,7.0,5.0,3.0,0.0,0.0,2.0,4.0,5.0,30,Thursday,5
12:00:00,5.0,8.0,1.0,0.0,0.0,0.0,5.0,3.0,7.0,5.0,1.0,0.0,2.0,7.0,10.0,30,Thursday,8
13:00:00,8.0,6.0,8.0,1.0,0.0,0.0,0.0,5.0,3.0,7.0,7.0,0.0,0.0,4.0,4.0,30,Thursday,4
14:00:00,4.0,5.0,6.0,8.0,1.0,0.0,1.0,0.0,5.0,3.0,7.0,1.0,0.0,2.0,7.0,30,Thursday,11
15:00:00,11.0,8.0,5.0,6.0,8.0,1.0,0.0,1.0,0.0,5.0,3.0,7.0,0.0,2.0,4.0,30,Thursday,9
16:00:00,9.0,4.0,8.0,5.0,6.0,8.0,0.0,0.0,1.0,0.0,5.0,7.0,0.0,0.0,2.0,30,Thursday,6
17:00:00,6.0,11.0,4.0,8.0,5.0,6.0,0.0,0.0,0.0,1.0,7.0,3.0,1.0,0.0,2.0,30,Thursday,5
18:00:00,5.0,9.0,11.0,4.0,8.0,5.0,0.0,0.0,0.0,0.0,3.0,5.0,7.0,0.0,0.0,30,Thursday,3
19:00:00,3.0,6.0,9.0,11.0,4.0,8.0,1.0,0.0,0.0,0.0,5.0,7.0,7.0,0.0,0.0,30,Thursday,3
06:00:00,3.0,5.0,6.0,9.0,11.0,4.0,8.0,1.0,0.0,0.0,0.0,3.0,3.0,1.0,0.0,30,Friday,0
07:00:00,0.0,3.0,5.0,6.0,9.0,11.0,6.0,8.0,1.0,0.0,1.0,5.0,5.0,7.0,0.0,30,Friday,0
08:00:00,0.0,3.0,3.0,5.0,6.0,9.0,5.0,6.0,8.0,1.0,0.0,0.0,7.0,7.0,1.0,30,Friday,2
09:00:00,2.0,0.0,3.0,3.0,5.0,6.0,8.0,5.0,6.0,8.0,0.0,1.0,3.0,3.0,7.0,30,Friday,5
10:00:00,5.0,0.0,0.0,3.0,3.0,5.0,4.0,8.0,5.0,6.0,0.0,0.0,5.0,5.0,7.0,30,Friday,8
11:00:00,8.0,2.0,0.0,0.0,3.0,3.0,11.0,4.0,8.0,5.0,0.0,0.0,0.0,7.0,3.0,30,Friday,9
12:00:00,9.0,5.0,2.0,0.0,0.0,3.0,9.0,11.0,4.0,8.0,1.0,0.0,1.0,3.0,5.0,30,Friday,8
13:00:00,8.0,8.0,5.0,2.0,0.0,0.0,6.0,9.0,11.0,4.0,8.0,0.0,0.0,5.0,7.0,30,Friday,6
14:00:00,6.0,9.0,8.0,5.0,2.0,0.0,5.0,6.0,9.0,11.0,6.0,1.0,0.0,0.0,3.0,30,Friday,6
15:00:00,6.0,8.0,9.0,8.0,5.0,2.0,3.0,5.0,6.0,9.0,5.0,8.0,0.0,1.0,5.0,30,Friday,11
16:00:00,11.0,6.0,8.0,9.0,8.0,5.0,3.0,3.0,5.0,6.0,8.0,6.0,0.0,0.0,0.0,30,Friday,2
17:00:00,2.0,6.0,6.0,8.0,9.0,8.0,0.0,3.0,3.0,5.0,4.0,5.0,1.0,0.0,1.0,30,Friday,2
18:00:00,2.0,11.0,6.0,6.0,8.0,9.0,0.0,0.0,3.0,3.0,11.0,8.0,8.0,0.0,0.0,30,Friday,0
19:00:00,0.0,2.0,11.0,6.0,6.0,8.0,2.0,0.0,0.0,3.0,9.0,4.0,6.0,0.0,0.0,30,Friday,0
06:00:00,0.0,2.0,2.0,11.0,6.0,6.0,5.0,2.0,0.0,0.0,6.0,11.0,5.0,1.0,0.0,30,Sunday,0
07:00:00,0.0,0.0,2.0,2.0,11.0,6.0,8.0,5.0,2.0,0.0,5.0,9.0,8.0,8.0,0.0,30,Sunday,0
08:00:00,0.0,0.0,0.0,2.0,2.0,11.0,9.0,8.0,5.0,2.0,3.0,6.0,4.0,6.0,1.0,30,Sunday,0
09:00:00,0.0,0.0,0.0,0.0,2.0,2.0,8.0,9.0,8.0,5.0,3.0,5.0,11.0,5.0,8.0,30,Sunday,0
10:00:00,0.0,0.0,0.0,0.0,0.0,2.0,6.0,8.0,9.0,8.0,0.0,3.0,9.0,8.0,6.0,30,Sunday,6
11:00:00,6.0,0.0,0.0,0.0,0.0,0.0,6.0,6.0,8.0,9.0,0.0,3.0,6.0,4.0,5.0,30,Sunday,5
12:00:00,5.0,0.0,0.0,0.0,0.0,0.0,11.0,6.0,6.0,8.0,2.0,0.0,5.0,11.0,8.0,30,Sunday,8
13:00:00,8.0,6.0,0.0,0.0,0.0,0.0,2.0,11.0,6.0,6.0,5.0,0.0,3.0,9.0,4.0,30,Sunday,5
14:00:00,5.0,5.0,6.0,0.0,0.0,0.0,2.0,2.0,11.0,6.0,8.0,2.0,3.0,6.0,11.0,30,Sunday,3
15:00:00,3.0,8.0,5.0,6.0,0.0,0.0,0.0,2.0,2.0,11.0,9.0,5.0,0.0,5.0,9.0,30,Sunday,9
16:00:00,9.0,5.0,8.0,5.0,6.0,0.0,0.0,0.0,2.0,2.0,8.0,8.0,0.0,3.0,6.0,30,Sunday,1
17:00:00,1.0,3.0,5.0,8.0,5.0,6.0,0.0,0.0,0.0,2.0,6.0,9.0,2.0,3.0,5.0,30,Sunday,0
18:00:00,0.0,9.0,3.0,5.0,8.0,5.0,0.0,0.0,0.0,0.0,6.0,8.0,5.0,0.0,3.0,30,Sunday,0
19:00:00,0.0,1.0,9.0,3.0,5.0,8.0,0.0,0.0,0.0,0.0,11.0,6.0,8.0,0.0,3.0,30,Sunday,0
06:00:00,0.0,0.0,1.0,9.0,3.0,5.0,0.0,0.0,0.0,0.0,2.0,6.0,9.0,2.0,0.0,31,Monday,0
07:00:00,0.0,0.0,0.0,1.0,9.0,3.0,6.0,0.0,0.0,0.0,2.0,11.0,8.0,5.0,0.0,31,Monday,0
08:00:00,0.0,0.0,0.0,0.0,1.0,9.0,5.0,6.0,0.0,0.0,0.0,2.0,6.0,8.0,2.0,31,Monday,1
09:00:00,1.0,0.0,0.0,0.0,0.0,1.0,8.0,5.0,6.0,0.0,0.0,2.0,6.0,9.0,5.0,31,Monday,1
10:00:00,1.0,0.0,0.0,0.0,0.0,0.0,5.0,8.0,5.0,6.0,0.0,0.0,11.0,8.0,8.0,31,Monday,6
11:00:00,6.0,1.0,0.0,0.0,0.0,0.0,3.0,5.0,8.0,5.0,0.0,0.0,2.0,6.0,9.0,31,Monday,5
12:00:00,5.0,1.0,1.0,0.0,0.0,0.0,9.0,3.0,5.0,8.0,0.0,0.0,2.0,6.0,8.0,31,Monday,6
13:00:00,6.0,6.0,1.0,1.0,0.0,0.0,1.0,9.0,3.0,5.0,0.0,0.0,0.0,11.0,6.0,31,Monday,7
14:00:00,7.0,5.0,6.0,1.0,1.0,0.0,0.0,1.0,9.0,3.0,6.0,0.0,0.0,2.0,6.0,31,Monday,5
15:00:00,5.0,6.0,5.0,6.0,1.0,1.0,0.0,0.0,1.0,9.0,5.0,0.0,0.0,2.0,11.0,31,Monday,2
16:00:00,2.0,7.0,6.0,5.0,6.0,1.0,0.0,0.0,0.0,1.0,8.0,6.0,0.0,0.0,2.0,31,Monday,2
17:00:00,2.0,5.0,7.0,6.0,5.0,6.0,0.0,0.0,0.0,0.0,5.0,5.0,0.0,0.0,2.0,31,Monday,1
18:00:00,1.0,2.0,5.0,7.0,6.0,5.0,0.0,0.0,0.0,0.0,3.0,8.0,0.0,0.0,0.0,31,Monday,0
19:00:00,0.0,2.0,2.0,5.0,7.0,6.0,1.0,0.0,0.0,0.0,9.0,5.0,6.0,0.0,0.0,31,Monday,0
06:00:00,0.0,1.0,2.0,2.0,5.0,7.0,1.0,1.0,0.0,0.0,1.0,3.0,5.0,0.0,0.0,31,Tuesday,0
07:00:00,0.0,0.0,1.0,2.0,2.0,5.0,6.0,1.0,1.0,0.0,0.0,9.0,8.0,0.0,0.0,31,Tuesday,0
08:00:00,0.0,0.0,0.0,1.0,2.0,2.0,5.0,6.0,1.0,1.0,0.0,1.0,5.0,6.0,0.0,31,Tuesday,2
09:00:00,2.0,0.0,0.0,0.0,1.0,2.0,6.0,5.0,6.0,1.0,0.0,0.0,3.0,5.0,0.0,31,Tuesday,6
10:00:00,6.0,0.0,0.0,0.0,0.0,1.0,7.0,6.0,5.0,6.0,0.0,0.0,9.0,8.0,6.0,31,Tuesday,7
11:00:00,7.0,2.0,0.0,0.0,0.0,0.0,5.0,7.0,6.0,5.0,0.0,0.0,1.0,5.0,5.0,31,Tuesday,1
12:00:00,1.0,6.0,2.0,0.0,0.0,0.0,2.0,5.0,7.0,6.0,1.0,0.0,0.0,3.0,8.0,31,Tuesday,6
13:00:00,6.0,7.0,6.0,2.0,0.0,0.0,2.0,2.0,5.0,7.0,1.0,0.0,0.0,9.0,5.0,31,Tuesday,5
14:00:00,5.0,1.0,7.0,6.0,2.0,0.0,1.0,2.0,2.0,5.0,6.0,1.0,0.0,1.0,3.0,31,Tuesday,4
15:00:00,4.0,6.0,1.0,7.0,6.0,2.0,0.0,1.0,2.0,2.0,5.0,1.0,0.0,0.0,9.0,31,Tuesday,5
16:00:00,5.0,5.0,6.0,1.0,7.0,6.0,0.0,0.0,1.0,2.0,6.0,6.0,0.0,0.0,1.0,31,Tuesday,0
17:00:00,0.0,4.0,5.0,6.0,1.0,7.0,0.0,0.0,0.0,1.0,7.0,5.0,1.0,0.0,0.0,31,Tuesday,3
18:00:00,3.0,5.0,4.0,5.0,6.0,1.0,0.0,0.0,0.0,0.0,5.0,6.0,1.0,0.0,0.0,31,Tuesday,0
19:00:00,0.0,0.0,5.0,4.0,5.0,6.0,2.0,0.0,0.0,0.0,2.0,7.0,6.0,0.0,0.0,31,Tuesday,0
06:00:00,0.0,3.0,0.0,5.0,4.0,5.0,6.0,2.0,0.0,0.0,2.0,5.0,5.0,1.0,0.0,31,Wednesday,0
07:00:00,0.0,0.0,3.0,0.0,5.0,4.0,7.0,6.0,2.0,0.0,1.0,2.0,6.0,1.0,0.0,31,Wednesday,0
08:00:00,0.0,0.0,0.0,3.0,0.0,5.0,1.0,7.0,6.0,2.0,0.0,2.0,7.0,6.0,1.0,31,Wednesday,1
09:00:00,1.0,0.0,0.0,0.0,3.0,0.0,6.0,1.0,7.0,6.0,0.0,1.0,5.0,5.0,1.0,31,Wednesday,7
10:00:00,7.0,0.0,0.0,0.0,0.0,3.0,5.0,6.0,1.0,7.0,0.0,0.0,2.0,6.0,6.0,31,Wednesday,10
11:00:00,10.0,1.0,0.0,0.0,0.0,0.0,4.0,5.0,6.0,1.0,0.0,0.0,2.0,7.0,5.0,31,Wednesday,6
12:00:00,6.0,7.0,1.0,0.0,0.0,0.0,5.0,4.0,5.0,6.0,2.0,0.0,1.0,5.0,6.0,31,Wednesday,12
13:00:00,12.0,10.0,7.0,1.0,0.0,0.0,0.0,5.0,4.0,5.0,6.0,0.0,0.0,2.0,7.0,31,Wednesday,6
14:00:00,6.0,6.0,10.0,7.0,1.0,0.0,3.0,0.0,5.0,4.0,7.0,2.0,0.0,2.0,5.0,31,Wednesday,7
15:00:00,7.0,12.0,6.0,10.0,7.0,1.0,0.0,3.0,0.0,5.0,1.0,6.0,0.0,1.0,2.0,31,Wednesday,7
16:00:00,7.0,6.0,12.0,6.0,10.0,7.0,0.0,0.0,3.0,0.0,6.0,7.0,0.0,0.0,2.0,31,Wednesday,2
17:00:00,2.0,7.0,6.0,12.0,6.0,10.0,0.0,0.0,0.0,3.0,5.0,1.0,2.0,0.0,1.0,31,Wednesday,1
18:00:00,1.0,7.0,7.0,6.0,12.0,6.0,0.0,0.0,0.0,0.0,4.0,6.0,6.0,0.0,0.0,31,Wednesday,0
19:00:00,0.0,2.0,7.0,7.0,6.0,12.0,1.0,0.0,0.0,0.0,5.0,5.0,7.0,0.0,0.0,31,Wednesday,0
06:00:00,0.0,1.0,2.0,7.0,7.0,6.0,7.0,1.0,0.0,0.0,0.0,4.0,1.0,2.0,0.0,31,Thursday,0
07:00:00,0.0,0.0,1.0,2.0,7.0,7.0,10.0,7.0,1.0,0.0,3.0,5.0,6.0,6.0,0.0,31,Thursday,0
08:00:00,0.0,0.0,0.0,1.0,2.0,7.0,6.0,10.0,7.0,1.0,0.0,0.0,5.0,7.0,2.0,31,Thursday,1
09:00:00,1.0,0.0,0.0,0.0,1.0,2.0,12.0,6.0,10.0,7.0,0.0,3.0,4.0,1.0,6.0,31,Thursday,1
10:00:00,1.0,0.0,0.0,0.0,0.0,1.0,6.0,12.0,6.0,10.0,0.0,0.0,5.0,6.0,7.0,31,Thursday,9
11:00:00,9.0,1.0,0.0,0.0,0.0,0.0,7.0,6.0,12.0,6.0,0.0,0.0,0.0,5.0,1.0,31,Thursday,5
12:00:00,5.0,1.0,1.0,0.0,0.0,0.0,7.0,7.0,6.0,12.0,1.0,0.0,3.0,4.0,6.0,31,Thursday,8
13:00:00,8.0,9.0,1.0,1.0,0.0,0.0,2.0,7.0,7.0,6.0,7.0,0.0,0.0,5.0,5.0,31,Thursday,6
14:00:00,6.0,5.0,9.0,1.0,1.0,0.0,1.0,2.0,7.0,7.0,10.0,1.0,0.0,0.0,4.0,31,Thursday,8
15:00:00,8.0,8.0,5.0,9.0,1.0,1.0,0.0,1.0,2.0,7.0,6.0,7.0,0.0,3.0,5.0,31,Thursday,9
16:00:00,9.0,6.0,8.0,5.0,9.0,1.0,0.0,0.0,1.0,2.0,12.0,10.0,0.0,0.0,0.0,31,Thursday,7
17:00:00,7.0,8.0,6.0,8.0,5.0,9.0,0.0,0.0,0.0,1.0,6.0,6.0,1.0,0.0,3.0,31,Thursday,12
18:00:00,12.0,9.0,8.0,6.0,8.0,5.0,0.0,0.0,0.0,0.0,7.0,12.0,7.0,0.0,0.0,31,Thursday,6
19:00:00,6.0,7.0,9.0,8.0,6.0,8.0,1.0,0.0,0.0,0.0,7.0,6.0,10.0,0.0,0.0,31,Thursday,3
06:00:00,3.0,12.0,7.0,9.0,8.0,6.0,1.0,1.0,0.0,0.0,2.0,7.0,6.0,1.0,0.0,31,Friday,0
07:00:00,0.0,6.0,12.0,7.0,9.0,8.0,9.0,1.0,1.0,0.0,1.0,7.0,12.0,7.0,0.0,31,Friday,0
08:00:00,0.0,3.0,6.0,12.0,7.0,9.0,5.0,9.0,1.0,1.0,0.0,2.0,6.0,10.0,1.0,31,Friday,1
09:00:00,1.0,0.0,3.0,6.0,12.0,7.0,8.0,5.0,9.0,1.0,0.0,1.0,7.0,6.0,7.0,31,Friday,2
10:00:00,2.0,0.0,0.0,3.0,6.0,12.0,6.0,8.0,5.0,9.0,0.0,0.0,7.0,12.0,10.0,31,Friday,3
11:00:00,3.0,1.0,0.0,0.0,3.0,6.0,8.0,6.0,8.0,5.0,0.0,0.0,2.0,6.0,6.0,31,Friday,7
12:00:00,7.0,2.0,1.0,0.0,0.0,3.0,9.0,8.0,6.0,8.0,1.0,0.0,1.0,7.0,12.0,31,Friday,7
13:00:00,7.0,3.0,2.0,1.0,0.0,0.0,7.0,9.0,8.0,6.0,1.0,0.0,0.0,7.0,6.0,31,Friday,6
14:00:00,6.0,7.0,3.0,2.0,1.0,0.0,12.0,7.0,9.0,8.0,9.0,1.0,0.0,2.0,7.0,31,Friday,6
15:00:00,6.0,7.0,7.0,3.0,2.0,1.0,6.0,12.0,7.0,9.0,5.0,1.0,0.0,1.0,7.0,31,Friday,8
16:00:00,8.0,6.0,7.0,7.0,3.0,2.0,3.0,6.0,12.0,7.0,8.0,9.0,0.0,0.0,2.0,31,Friday,6
17:00:00,6.0,6.0,6.0,7.0,7.0,3.0,0.0,3.0,6.0,12.0,6.0,5.0,1.0,0.0,1.0,31,Friday,2
18:00:00,2.0,8.0,6.0,6.0,7.0,7.0,0.0,0.0,3.0,6.0,8.0,8.0,1.0,0.0,0.0,31,Friday,0
19:00:00,0.0,6.0,8.0,6.0,6.0,7.0,1.0,0.0,0.0,3.0,9.0,6.0,9.0,0.0,0.0,31,Friday,0
06:00:00,0.0,2.0,6.0,8.0,6.0,6.0,2.0,1.0,0.0,0.0,7.0,8.0,5.0,1.0,0.0,31,Sunday,0
07:00:00,0.0,0.0,2.0,6.0,8.0,6.0,3.0,2.0,1.0,0.0,12.0,9.0,8.0,1.0,0.0,31,Sunday,0
08:00:00,0.0,0.0,0.0,2.0,6.0,8.0,7.0,3.0,2.0,1.0,6.0,7.0,6.0,9.0,1.0,31,Sunday,0
09:00:00,0.0,0.0,0.0,0.0,2.0,6.0,7.0,7.0,3.0,2.0,3.0,12.0,8.0,5.0,1.0,31,Sunday,0
10:00:00,0.0,0.0,0.0,0.0,0.0,2.0,6.0,7.0,7.0,3.0,0.0,6.0,9.0,8.0,9.0,31,Sunday,4
11:00:00,4.0,0.0,0.0,0.0,0.0,0.0,6.0,6.0,7.0,7.0,0.0,3.0,7.0,6.0,5.0,31,Sunday,2
12:00:00,2.0,0.0,0.0,0.0,0.0,0.0,8.0,6.0,6.0,7.0,1.0,0.0,12.0,8.0,8.0,31,Sunday,7
13:00:00,7.0,4.0,0.0,0.0,0.0,0.0,6.0,8.0,6.0,6.0,2.0,0.0,6.0,9.0,6.0,31,Sunday,6
14:00:00,6.0,2.0,4.0,0.0,0.0,0.0,2.0,6.0,8.0,6.0,3.0,1.0,3.0,7.0,8.0,31,Sunday,4
15:00:00,4.0,7.0,2.0,4.0,0.0,0.0,0.0,2.0,6.0,8.0,7.0,2.0,0.0,12.0,9.0,31,Sunday,5
16:00:00,5.0,6.0,7.0,2.0,4.0,0.0,0.0,0.0,2.0,6.0,7.0,3.0,0.0,6.0,7.0,31,Sunday,0
17:00:00,0.0,4.0,6.0,7.0,2.0,4.0,0.0,0.0,0.0,2.0,6.0,7.0,1.0,3.0,12.0,31,Sunday,0
18:00:00,0.0,5.0,4.0,6.0,7.0,2.0,0.0,0.0,0.0,0.0,6.0,7.0,2.0,0.0,6.0,31,Sunday,0
19:00:00,0.0,0.0,5.0,4.0,6.0,7.0,0.0,0.0,0.0,0.0,8.0,6.0,3.0,0.0,3.0,31,Sunday,0
06:00:00,0.0,0.0,0.0,5.0,4.0,6.0,0.0,0.0,0.0,0.0,6.0,6.0,7.0,1.0,0.0,32,Monday,0
07:00:00,0.0,0.0,0.0,0.0,5.0,4.0,4.0,0.0,0.0,0.0,2.0,8.0,7.0,2.0,0.0,32,Monday,0
08:00:00,0.0,0.0,0.0,0.0,0.0,5.0,2.0,4.0,0.0,0.0,0.0,6.0,6.0,3.0,1.0,32,Monday,0
09:00:00,0.0,0.0,0.0,0.0,0.0,0.0,7.0,2.0,4.0,0.0,0.0,2.0,6.0,7.0,2.0,32,Monday,1
10:00:00,1.0,0.0,0.0,0.0,0.0,0.0,6.0,7.0,2.0,4.0,0.0,0.0,8.0,7.0,3.0,32,Monday,7
11:00:00,7.0,0.0,0.0,0.0,0.0,0.0,4.0,6.0,7.0,2.0,0.0,0.0,6.0,6.0,7.0,32,Monday,6
12:00:00,6.0,1.0,0.0,0.0,0.0,0.0,5.0,4.0,6.0,7.0,0.0,0.0,2.0,6.0,7.0,32,Monday,6
13:00:00,6.0,7.0,1.0,0.0,0.0,0.0,0.0,5.0,4.0,6.0,0.0,0.0,0.0,8.0,6.0,32,Monday,7
14:00:00,7.0,6.0,7.0,1.0,0.0,0.0,0.0,0.0,5.0,4.0,4.0,0.0,0.0,6.0,6.0,32,Monday,3
15:00:00,3.0,6.0,6.0,7.0,1.0,0.0,0.0,0.0,0.0,5.0,2.0,0.0,0.0,2.0,8.0,32,Monday,3
16:00:00,3.0,7.0,6.0,6.0,7.0,1.0,0.0,0.0,0.0,0.0,7.0,4.0,0.0,0.0,6.0,32,Monday,5
17:00:00,5.0,3.0,7.0,6.0,6.0,7.0,0.0,0.0,0.0,0.0,6.0,2.0,0.0,0.0,2.0,32,Monday,0
18:00:00,0.0,3.0,3.0,7.0,6.0,6.0,0.0,0.0,0.0,0.0,4.0,7.0,0.0,0.0,0.0,32,Monday,0
19:00:00,0.0,5.0,3.0,3.0,7.0,6.0,0.0,0.0,0.0,0.0,5.0,6.0,4.0,0.0,0.0,32,Monday,0
06:00:00,0.0,0.0,5.0,3.0,3.0,7.0,1.0,0.0,0.0,0.0,0.0,4.0,2.0,0.0,0.0,32,Tuesday,0
07:00:00,0.0,0.0,0.0,5.0,3.0,3.0,7.0,1.0,0.0,0.0,0.0,5.0,7.0,0.0,0.0,32,Tuesday,0
08:00:00,0.0,0.0,0.0,0.0,5.0,3.0,6.0,7.0,1.0,0.0,0.0,0.0,6.0,4.0,0.0,32,Tuesday,0
09:00:00,0.0,0.0,0.0,0.0,0.0,5.0,6.0,6.0,7.0,1.0,0.0,0.0,4.0,2.0,0.0,32,Tuesday,2
10:00:00,2.0,0.0,0.0,0.0,0.0,0.0,7.0,6.0,6.0,7.0,0.0,0.0,5.0,7.0,4.0,32,Tuesday,7
11:00:00,7.0,0.0,0.0,0.0,0.0,0.0,3.0,7.0,6.0,6.0,0.0,0.0,0.0,6.0,2.0,32,Tuesday,1
12:00:00,1.0,2.0,0.0,0.0,0.0,0.0,3.0,3.0,7.0,6.0,0.0,0.0,0.0,4.0,7.0,32,Tuesday,8
13:00:00,8.0,7.0,2.0,0.0,0.0,0.0,5.0,3.0,3.0,7.0,1.0,0.0,0.0,5.0,6.0,32,Tuesday,8
14:00:00,8.0,1.0,7.0,2.0,0.0,0.0,0.0,5.0,3.0,3.0,7.0,0.0,0.0,0.0,4.0,32,Tuesday,5
15:00:00,5.0,8.0,1.0,7.0,2.0,0.0,0.0,0.0,5.0,3.0,6.0,1.0,0.0,0.0,5.0,32,Tuesday,4
16:00:00,4.0,8.0,8.0,1.0,7.0,2.0,0.0,0.0,0.0,5.0,6.0,7.0,0.0,0.0,0.0,32,Tuesday,3
17:00:00,3.0,5.0,8.0,8.0,1.0,7.0,0.0,0.0,0.0,0.0,7.0,6.0,0.0,0.0,0.0,32,Tuesday,0
18:00:00,0.0,4.0,5.0,8.0,8.0,1.0,0.0,0.0,0.0,0.0,3.0,6.0,1.0,0.0,0.0,32,Tuesday,0
19:00:00,0.0,3.0,4.0,5.0,8.0,8.0,0.0,0.0,0.0,0.0,3.0,7.0,7.0,0.0,0.0,32,Tuesday,0
06:00:00,0.0,0.0,3.0,4.0,5.0,8.0,2.0,0.0,0.0,0.0,5.0,3.0,6.0,0.0,0.0,32,Wednesday,0
07:00:00,0.0,0.0,0.0,3.0,4.0,5.0,7.0,2.0,0.0,0.0,0.0,3.0,6.0,1.0,0.0,32,Wednesday,0
08:00:00,0.0,0.0,0.0,0.0,3.0,4.0,1.0,7.0,2.0,0.0,0.0,5.0,7.0,7.0,0.0,32,Wednesday,1
09:00:00,1.0,0.0,0.0,0.0,0.0,3.0,8.0,1.0,7.0,2.0,0.0,0.0,3.0,6.0,1.0,32,Wednesday,2
10:00:00,2.0,0.0,0.0,0.0,0.0,0.0,8.0,8.0,1.0,7.0,0.0,0.0,3.0,6.0,7.0,32,Wednesday,9
11:00:00,9.0,1.0,0.0,0.0,0.0,0.0,5.0,8.0,8.0,1.0,0.0,0.0,5.0,7.0,6.0,32,Wednesday,5
12:00:00,5.0,2.0,1.0,0.0,0.0,0.0,4.0,5.0,8.0,8.0,0.0,0.0,0.0,3.0,6.0,32,Wednesday,8
13:00:00,8.0,9.0,2.0,1.0,0.0,0.0,3.0,4.0,5.0,8.0,2.0,0.0,0.0,3.0,7.0,32,Wednesday,5
14:00:00,5.0,5.0,9.0,2.0,1.0,0.0,0.0,3.0,4.0,5.0,7.0,0.0,0.0,5.0,3.0,32,Wednesday,6
15:00:00,6.0,8.0,5.0,9.0,2.0,1.0,0.0,0.0,3.0,4.0,1.0,2.0,0.0,0.0,3.0,32,Wednesday,2
16:00:00,2.0,5.0,8.0,5.0,9.0,2.0,0.0,0.0,0.0,3.0,8.0,7.0,0.0,0.0,5.0,32,Wednesday,3
17:00:00,3.0,6.0,5.0,8.0,5.0,9.0,0.0,0.0,0.0,0.0,8.0,1.0,0.0,0.0,0.0,32,Wednesday,1
18:00:00,1.0,2.0,6.0,5.0,8.0,5.0,0.0,0.0,0.0,0.0,5.0,8.0,2.0,0.0,0.0,32,Wednesday,0
19:00:00,0.0,3.0,2.0,6.0,5.0,8.0,1.0,0.0,0.0,0.0,4.0,8.0,7.0,0.0,0.0,32,Wednesday,0
06:00:00,0.0,1.0,3.0,2.0,6.0,5.0,2.0,1.0,0.0,0.0,3.0,5.0,1.0,0.0,0.0,32,Thursday,0
07:00:00,0.0,0.0,1.0,3.0,2.0,6.0,9.0,2.0,1.0,0.0,0.0,4.0,8.0,2.0,0.0,32,Thursday,0
08:00:00,0.0,0.0,0.0,1.0,3.0,2.0,5.0,9.0,2.0,1.0,0.0,3.0,8.0,7.0,0.0,32,Thursday,2
09:00:00,2.0,0.0,0.0,0.0,1.0,3.0,8.0,5.0,9.0,2.0,0.0,0.0,5.0,1.0,2.0,32,Thursday,7
10:00:00,7.0,0.0,0.0,0.0,0.0,1.0,5.0,8.0,5.0,9.0,0.0,0.0,4.0,8.0,7.0,32,Thursday,7
11:00:00,7.0,2.0,0.0,0.0,0.0,0.0,6.0,5.0,8.0,5.0,0.0,0.0,3.0,8.0,1.0,32,Thursday,4
12:00:00,4.0,7.0,2.0,0.0,0.0,0.0,2.0,6.0,5.0,8.0,1.0,0.0,0.0,5.0,8.0,32,Thursday,9
13:00:00,9.0,7.0,7.0,2.0,0.0,0.0,3.0,2.0,6.0,5.0,2.0,0.0,0.0,4.0,8.0,32,Thursday,3
14:00:00,3.0,4.0,7.0,7.0,2.0,0.0,1.0,3.0,2.0,6.0,9.0,1.0,0.0,3.0,5.0,32,Thursday,10
15:00:00,10.0,9.0,4.0,7.0,7.0,2.0,0.0,1.0,3.0,2.0,5.0,2.0,0.0,0.0,4.0,32,Thursday,9
16:00:00,9.0,3.0,9.0,4.0,7.0,7.0,0.0,0.0,1.0,3.0,8.0,9.0,0.0,0.0,3.0,32,Thursday,4
17:00:00,4.0,10.0,3.0,9.0,4.0,7.0,0.0,0.0,0.0,1.0,5.0,5.0,1.0,0.0,0.0,32,Thursday,4
18:00:00,4.0,9.0,10.0,3.0,9.0,4.0,0.0,0.0,0.0,0.0,6.0,8.0,2.0,0.0,0.0,32,Thursday,0
19:00:00,0.0,4.0,9.0,10.0,3.0,9.0,2.0,0.0,0.0,0.0,2.0,5.0,9.0,0.0,0.0,32,Thursday,0
06:00:00,0.0,4.0,4.0,9.0,10.0,3.0,7.0,2.0,0.0,0.0,3.0,6.0,5.0,1.0,0.0,32,Friday,0
07:00:00,0.0,0.0,4.0,4.0,9.0,10.0,7.0,7.0,2.0,0.0,1.0,2.0,8.0,2.0,0.0,32,Friday,0
08:00:00,0.0,0.0,0.0,4.0,4.0,9.0,4.0,7.0,7.0,2.0,0.0,3.0,5.0,9.0,1.0,32,Friday,0
09:00:00,0.0,0.0,0.0,0.0,4.0,4.0,9.0,4.0,7.0,7.0,0.0,1.0,6.0,5.0,2.0,32,Friday,6
10:00:00,6.0,0.0,0.0,0.0,0.0,4.0,3.0,9.0,4.0,7.0,0.0,0.0,2.0,8.0,9.0,32,Friday,2
11:00:00,2.0,0.0,0.0,0.0,0.0,0.0,10.0,3.0,9.0,4.0,0.0,0.0,3.0,5.0,5.0,32,Friday,6
12:00:00,6.0,6.0,0.0,0.0,0.0,0.0,9.0,10.0,3.0,9.0,2.0,0.0,1.0,6.0,8.0,32,Friday,9
13:00:00,9.0,2.0,6.0,0.0,0.0,0.0,4.0,9.0,10.0,3.0,7.0,0.0,0.0,2.0,5.0,32,Friday,3
14:00:00,3.0,6.0,2.0,6.0,0.0,0.0,4.0,4.0,9.0,10.0,7.0,2.0,0.0,3.0,6.0,32,Friday,9
15:00:00,9.0,9.0,6.0,2.0,6.0,0.0,0.0,4.0,4.0,9.0,4.0,7.0,0.0,1.0,2.0,32,Friday,2
16:00:00,2.0,3.0,9.0,6.0,2.0,6.0,0.0,0.0,4.0,4.0,9.0,7.0,0.0,0.0,3.0,32,Friday,4
17:00:00,4.0,9.0,3.0,9.0,6.0,2.0,0.0,0.0,0.0,4.0,3.0,4.0,2.0,0.0,1.0,32,Friday,0
18:00:00,0.0,2.0,9.0,3.0,9.0,6.0,0.0,0.0,0.0,0.0,10.0,9.0,7.0,0.0,0.0,32,Friday,0
19:00:00,0.0,4.0,2.0,9.0,3.0,9.0,0.0,0.0,0.0,0.0,9.0,3.0,7.0,0.0,0.0,32,Friday,0
06:00:00,0.0,0.0,4.0,2.0,9.0,3.0,6.0,0.0,0.0,0.0,4.0,10.0,4.0,2.0,0.0,32,Sunday,0
07:00:00,0.0,0.0,0.0,4.0,2.0,9.0,2.0,6.0,0.0,0.0,4.0,9.0,9.0,7.0,0.0,32,Sunday,0
08:00:00,0.0,0.0,0.0,0.0,4.0,2.0,6.0,2.0,6.0,0.0,0.0,4.0,3.0,7.0,2.0,32,Sunday,0
09:00:00,0.0,0.0,0.0,0.0,0.0,4.0,9.0,6.0,2.0,6.0,0.0,4.0,10.0,4.0,7.0,32,Sunday,0
10:00:00,0.0,0.0,0.0,0.0,0.0,0.0,3.0,9.0,6.0,2.0,0.0,0.0,9.0,9.0,7.0,32,Sunday,3
11:00:00,3.0,0.0,0.0,0.0,0.0,0.0,9.0,3.0,9.0,6.0,0.0,0.0,4.0,3.0,4.0,32,Sunday,3
12:00:00,3.0,0.0,0.0,0.0,0.0,0.0,2.0,9.0,3.0,9.0,0.0,0.0,4.0,10.0,9.0,32,Sunday,9
13:00:00,9.0,3.0,0.0,0.0,0.0,0.0,4.0,2.0,9.0,3.0,6.0,0.0,0.0,9.0,3.0,32,Sunday,2
14:00:00,2.0,3.0,3.0,0.0,0.0,0.0,0.0,4.0,2.0,9.0,2.0,0.0,0.0,4.0,10.0,32,Sunday,0
15:00:00,0.0,9.0,3.0,3.0,0.0,0.0,0.0,0.0,4.0,2.0,6.0,6.0,0.0,4.0,9.0,32,Sunday,4
16:00:00,4.0,2.0,9.0,3.0,3.0,0.0,0.0,0.0,0.0,4.0,9.0,2.0,0.0,0.0,4.0,32,Sunday,0
17:00:00,0.0,0.0,2.0,9.0,3.0,3.0,0.0,0.0,0.0,0.0,3.0,6.0,0.0,0.0,4.0,32,Sunday,0
18:00:00,0.0,4.0,0.0,2.0,9.0,3.0,0.0,0.0,0.0,0.0,9.0,9.0,6.0,0.0,0.0,32,Sunday,0
19:00:00,0.0,0.0,4.0,0.0,2.0,9.0,0.0,0.0,0.0,0.0,2.0,3.0,2.0,0.0,0.0,32,Sunday,0
06:00:00,0.0,0.0,0.0,4.0,0.0,2.0,0.0,0.0,0.0,0.0,4.0,9.0,6.0,0.0,0.0,33,Monday,0
07:00:00,0.0,0.0,0.0,0.0,4.0,0.0,3.0,0.0,0.0,0.0,0.0,2.0,9.0,6.0,0.0,33,Monday,0
08:00:00,0.0,0.0,0.0,0.0,0.0,4.0,3.0,3.0,0.0,0.0,0.0,4.0,3.0,2.0,0.0,33,Monday,1
09:00:00,1.0,0.0,0.0,0.0,0.0,0.0,9.0,3.0,3.0,0.0,0.0,0.0,9.0,6.0,6.0,33,Monday,4
10:00:00,4.0,0.0,0.0,0.0,0.0,0.0,2.0,9.0,3.0,3.0,0.0,0.0,2.0,9.0,2.0,33,Monday,6
11:00:00,6.0,1.0,0.0,0.0,0.0,0.0,0.0,2.0,9.0,3.0,0.0,0.0,4.0,3.0,6.0,33,Monday,4
12:00:00,4.0,4.0,1.0,0.0,0.0,0.0,4.0,0.0,2.0,9.0,0.0,0.0,0.0,9.0,9.0,33,Monday,12
13:00:00,12.0,6.0,4.0,1.0,0.0,0.0,0.0,4.0,0.0,2.0,0.0,0.0,0.0,2.0,3.0,33,Monday,7
14:00:00,7.0,4.0,6.0,4.0,1.0,0.0,0.0,0.0,4.0,0.0,3.0,0.0,0.0,4.0,9.0,33,Monday,9
15:00:00,9.0,12.0,4.0,6.0,4.0,1.0,0.0,0.0,0.0,4.0,3.0,0.0,0.0,0.0,2.0,33,Monday,2
16:00:00,2.0,7.0,12.0,4.0,6.0,4.0,0.0,0.0,0.0,0.0,9.0,3.0,0.0,0.0,4.0,33,Monday,1
17:00:00,1.0,9.0,7.0,12.0,4.0,6.0,0.0,0.0,0.0,0.0,2.0,3.0,0.0,0.0,0.0,33,Monday,0
18:00:00,0.0,2.0,9.0,7.0,12.0,4.0,0.0,0.0,0.0,0.0,0.0,9.0,0.0,0.0,0.0,33,Monday,0
19:00:00,0.0,1.0,2.0,9.0,7.0,12.0,1.0,0.0,0.0,0.0,4.0,2.0,3.0,0.0,0.0,33,Monday,0
06:00:00,0.0,0.0,1.0,2.0,9.0,7.0,4.0,1.0,0.0,0.0,0.0,0.0,3.0,0.0,0.0,33,Tuesday,0
07:00:00,0.0,0.0,0.0,1.0,2.0,9.0,6.0,4.0,1.0,0.0,0.0,4.0,9.0,0.0,0.0,33,Tuesday,0
08:00:00,0.0,0.0,0.0,0.0,1.0,2.0,4.0,6.0,4.0,1.0,0.0,0.0,2.0,3.0,0.0,33,Tuesday,3
09:00:00,3.0,0.0,0.0,0.0,0.0,1.0,12.0,4.0,6.0,4.0,0.0,0.0,0.0,3.0,0.0,33,Tuesday,5
10:00:00,5.0,0.0,0.0,0.0,0.0,0.0,7.0,12.0,4.0,6.0,0.0,0.0,4.0,9.0,3.0,33,Tuesday,8
11:00:00,8.0,3.0,0.0,0.0,0.0,0.0,9.0,7.0,12.0,4.0,0.0,0.0,0.0,2.0,3.0,33,Tuesday,7
12:00:00,7.0,5.0,3.0,0.0,0.0,0.0,2.0,9.0,7.0,12.0,1.0,0.0,0.0,0.0,9.0,33,Tuesday,6
13:00:00,6.0,8.0,5.0,3.0,0.0,0.0,1.0,2.0,9.0,7.0,4.0,0.0,0.0,4.0,2.0,33,Tuesday,5
14:00:00,5.0,7.0,8.0,5.0,3.0,0.0,0.0,1.0,2.0,9.0,6.0,1.0,0.0,0.0,0.0,33,Tuesday,5
15:00:00,5.0,6.0,7.0,8.0,5.0,3.0,0.0,0.0,1.0,2.0,4.0,4.0,0.0,0.0,4.0,33,Tuesday,2
16:00:00,2.0,5.0,6.0,7.0,8.0,5.0,0.0,0.0,0.0,1.0,12.0,6.0,0.0,0.0,0.0,33,Tuesday,1
17:00:00,1.0,5.0,5.0,6.0,7.0,8.0,0.0,0.0,0.0,0.0,7.0,4.0,1.0,0.0,0.0,33,Tuesday,2
18:00:00,2.0,2.0,5.0,5.0,6.0,7.0,0.0,0.0,0.0,0.0,9.0,12.0,4.0,0.0,0.0,33,Tuesday,0
19:00:00,0.0,1.0,2.0,5.0,5.0,6.0,3.0,0.0,0.0,0.0,2.0,7.0,6.0,0.0,0.0,33,Tuesday,0
06:00:00,0.0,2.0,1.0,2.0,5.0,5.0,5.0,3.0,0.0,0.0,1.0,9.0,4.0,1.0,0.0,33,Wednesday,0
07:00:00,0.0,0.0,2.0,1.0,2.0,5.0,8.0,5.0,3.0,0.0,0.0,2.0,12.0,4.0,0.0,33,Wednesday,0
08:00:00,0.0,0.0,0.0,2.0,1.0,2.0,7.0,8.0,5.0,3.0,0.0,1.0,7.0,6.0,1.0,33,Wednesday,1
09:00:00,1.0,0.0,0.0,0.0,2.0,1.0,6.0,7.0,8.0,5.0,0.0,0.0,9.0,4.0,4.0,33,Wednesday,4
10:00:00,4.0,0.0,0.0,0.0,0.0,2.0,5.0,6.0,7.0,8.0,0.0,0.0,2.0,12.0,6.0,33,Wednesday,6
11:00:00,6.0,1.0,0.0,0.0,0.0,0.0,5.0,5.0,6.0,7.0,0.0,0.0,1.0,7.0,4.0,33,Wednesday,4
12:00:00,4.0,4.0,1.0,0.0,0.0,0.0,2.0,5.0,5.0,6.0,3.0,0.0,0.0,9.0,12.0,33,Wednesday,6
13:00:00,6.0,6.0,4.0,1.0,0.0,0.0,1.0,2.0,5.0,5.0,5.0,0.0,0.0,2.0,7.0,33,Wednesday,6
14:00:00,6.0,4.0,6.0,4.0,1.0,0.0,2.0,1.0,2.0,5.0,8.0,3.0,0.0,1.0,9.0,33,Wednesday,9
15:00:00,9.0,6.0,4.0,6.0,4.0,1.0,0.0,2.0,1.0,2.0,7.0,5.0,0.0,0.0,2.0,33,Wednesday,6
16:00:00,6.0,6.0,6.0,4.0,6.0,4.0,0.0,0.0,2.0,1.0,6.0,8.0,0.0,0.0,1.0,33,Wednesday,1
17:00:00,1.0,9.0,6.0,6.0,4.0,6.0,0.0,0.0,0.0,2.0,5.0,7.0,3.0,0.0,0.0,33,Wednesday,1
18:00:00,1.0,6.0,9.0,6.0,6.0,4.0,0.0,0.0,0.0,0.0,5.0,6.0,5.0,0.0,0.0,33,Wednesday,0
19:00:00,0.0,1.0,6.0,9.0,6.0,6.0,1.0,0.0,0.0,0.0,2.0,5.0,8.0,0.0,0.0,33,Wednesday,1
06:00:00,1.0,1.0,1.0,6.0,9.0,6.0,4.0,1.0,0.0,0.0,1.0,5.0,7.0,3.0,0.0,33,Thursday,1
07:00:00,1.0,0.0,1.0,1.0,6.0,9.0,6.0,4.0,1.0,0.0,2.0,2.0,6.0,5.0,0.0,33,Thursday,0
08:00:00,0.0,1.0,0.0,1.0,1.0,6.0,4.0,6.0,4.0,1.0,0.0,1.0,5.0,8.0,3.0,33,Thursday,2
09:00:00,2.0,1.0,1.0,0.0,1.0,1.0,6.0,4.0,6.0,4.0,0.0,2.0,5.0,7.0,5.0,33,Thursday,4
10:00:00,4.0,0.0,1.0,1.0,0.0,1.0,6.0,6.0,4.0,6.0,0.0,0.0,2.0,6.0,8.0,33,Thursday,8
11:00:00,8.0,2.0,0.0,1.0,1.0,0.0,9.0,6.0,6.0,4.0,0.0,0.0,1.0,5.0,7.0,33,Thursday,4
12:00:00,4.0,4.0,2.0,0.0,1.0,1.0,6.0,9.0,6.0,6.0,1.0,0.0,2.0,5.0,6.0,33,Thursday,8
13:00:00,8.0,8.0,4.0,2.0,0.0,1.0,1.0,6.0,9.0,6.0,4.0,0.0,0.0,2.0,5.0,33,Thursday,7
14:00:00,7.0,4.0,8.0,4.0,2.0,0.0,1.0,1.0,6.0,9.0,6.0,1.0,0.0,1.0,5.0,33,Thursday,4
15:00:00,4.0,8.0,4.0,8.0,4.0,2.0,0.0,1.0,1.0,6.0,4.0,4.0,0.0,2.0,2.0,33,Thursday,6
16:00:00,6.0,7.0,8.0,4.0,8.0,4.0,1.0,0.0,1.0,1.0,6.0,6.0,0.0,0.0,1.0,33,Thursday,6
17:00:00,6.0,4.0,7.0,8.0,4.0,8.0,1.0,1.0,0.0,1.0,6.0,4.0,1.0,0.0,2.0,33,Thursday,8
18:00:00,8.0,6.0,4.0,7.0,8.0,4.0,0.0,1.0,1.0,0.0,9.0,6.0,4.0,0.0,0.0,33,Thursday,4
19:00:00,4.0,6.0,6.0,4.0,7.0,8.0,2.0,0.0,1.0,1.0,6.0,6.0,6.0,0.0,0.0,33,Thursday,1
06:00:00,1.0,8.0,6.0,6.0,4.0,7.0,4.0,2.0,0.0,1.0,1.0,9.0,4.0,1.0,0.0,33,Friday,0
07:00:00,0.0,4.0,8.0,6.0,6.0,4.0,8.0,4.0,2.0,0.0,1.0,6.0,6.0,4.0,0.0,33,Friday,0
08:00:00,0.0,1.0,4.0,8.0,6.0,6.0,4.0,8.0,4.0,2.0,0.0,1.0,6.0,6.0,1.0,33,Friday,3
09:00:00,3.0,0.0,1.0,4.0,8.0,6.0,8.0,4.0,8.0,4.0,1.0,1.0,9.0,4.0,4.0,33,Friday,3
10:00:00,3.0,0.0,0.0,1.0,4.0,8.0,7.0,8.0,4.0,8.0,1.0,0.0,6.0,6.0,6.0,33,Friday,8
11:00:00,8.0,3.0,0.0,0.0,1.0,4.0,4.0,7.0,8.0,4.0,0.0,1.0,1.0,6.0,4.0,33,Friday,8
12:00:00,8.0,3.0,3.0,0.0,0.0,1.0,6.0,4.0,7.0,8.0,2.0,1.0,1.0,9.0,6.0,33,Friday,9
13:00:00,9.0,8.0,3.0,3.0,0.0,0.0,6.0,6.0,4.0,7.0,4.0,0.0,0.0,6.0,6.0,33,Friday,5
14:00:00,5.0,8.0,8.0,3.0,3.0,0.0,8.0,6.0,6.0,4.0,8.0,2.0,1.0,1.0,9.0,33,Friday,6
15:00:00,6.0,9.0,8.0,8.0,3.0,3.0,4.0,8.0,6.0,6.0,4.0,4.0,1.0,1.0,6.0,33,Friday,8
16:00:00,8.0,5.0,9.0,8.0,8.0,3.0,1.0,4.0,8.0,6.0,8.0,8.0,0.0,0.0,1.0,33,Friday,2
17:00:00,2.0,6.0,5.0,9.0,8.0,8.0,0.0,1.0,4.0,8.0,7.0,4.0,2.0,1.0,1.0,33,Friday,2
18:00:00,2.0,8.0,6.0,5.0,9.0,8.0,0.0,0.0,1.0,4.0,4.0,8.0,4.0,1.0,0.0,33,Friday,0
19:00:00,0.0,2.0,8.0,6.0,5.0,9.0,3.0,0.0,0.0,1.0,6.0,7.0,8.0,0.0,1.0,33,Friday,0
06:00:00,0.0,2.0,2.0,8.0,6.0,5.0,3.0,3.0,0.0,0.0,6.0,4.0,4.0,2.0,1.0,33,Sunday,0
07:00:00,0.0,0.0,2.0,2.0,8.0,6.0,8.0,3.0,3.0,0.0,8.0,6.0,8.0,4.0,0.0,33,Sunday,0
08:00:00,0.0,0.0,0.0,2.0,2.0,8.0,8.0,8.0,3.0,3.0,4.0,6.0,7.0,8.0,2.0,33,Sunday,0
09:00:00,0.0,0.0,0.0,0.0,2.0,2.0,9.0,8.0,8.0,3.0,1.0,8.0,4.0,4.0,4.0,33,Sunday,0
10:00:00,0.0,0.0,0.0,0.0,0.0,2.0,5.0,9.0,8.0,8.0,0.0,4.0,6.0,8.0,8.0,33,Sunday,4
11:00:00,4.0,0.0,0.0,0.0,0.0,0.0,6.0,5.0,9.0,8.0,0.0,1.0,6.0,7.0,4.0,33,Sunday,8
12:00:00,8.0,0.0,0.0,0.0,0.0,0.0,8.0,6.0,5.0,9.0,3.0,0.0,8.0,4.0,8.0,33,Sunday,5
13:00:00,5.0,4.0,0.0,0.0,0.0,0.0,2.0,8.0,6.0,5.0,3.0,0.0,4.0,6.0,7.0,33,Sunday,6
14:00:00,6.0,8.0,4.0,0.0,0.0,0.0,2.0,2.0,8.0,6.0,8.0,3.0,1.0,6.0,4.0,33,Sunday,6
15:00:00,6.0,5.0,8.0,4.0,0.0,0.0,0.0,2.0,2.0,8.0,8.0,3.0,0.0,8.0,6.0,33,Sunday,5
16:00:00,5.0,6.0,5.0,8.0,4.0,0.0,0.0,0.0,2.0,2.0,9.0,8.0,0.0,4.0,6.0,33,Sunday,2
17:00:00,2.0,6.0,6.0,5.0,8.0,4.0,0.0,0.0,0.0,2.0,5.0,8.0,3.0,1.0,8.0,33,Sunday,0
18:00:00,0.0,5.0,6.0,6.0,5.0,8.0,0.0,0.0,0.0,0.0,6.0,9.0,3.0,0.0,4.0,33,Sunday,0
19:00:00,0.0,2.0,5.0,6.0,6.0,5.0,0.0,0.0,0.0,0.0,8.0,5.0,8.0,0.0,1.0,33,Sunday,0
06:00:00,0.0,0.0,2.0,5.0,6.0,6.0,0.0,0.0,0.0,0.0,2.0,6.0,8.0,3.0,0.0,34,Monday,0
07:00:00,0.0,0.0,0.0,2.0,5.0,6.0,4.0,0.0,0.0,0.0,2.0,8.0,9.0,3.0,0.0,34,Monday,0
08:00:00,0.0,0.0,0.0,0.0,2.0,5.0,8.0,4.0,0.0,0.0,0.0,2.0,5.0,8.0,3.0,34,Monday,0
09:00:00,0.0,0.0,0.0,0.0,0.0,2.0,5.0,8.0,4.0,0.0,0.0,2.0,6.0,8.0,3.0,34,Monday,7
10:00:00,7.0,0.0,0.0,0.0,0.0,0.0,6.0,5.0,8.0,4.0,0.0,0.0,8.0,9.0,8.0,34,Monday,10
11:00:00,10.0,0.0,0.0,0.0,0.0,0.0,6.0,6.0,5.0,8.0,0.0,0.0,2.0,5.0,8.0,34,Monday,8
12:00:00,8.0,7.0,0.0,0.0,0.0,0.0,5.0,6.0,6.0,5.0,0.0,0.0,2.0,6.0,9.0,34,Monday,11
13:00:00,11.0,10.0,7.0,0.0,0.0,0.0,2.0,5.0,6.0,6.0,0.0,0.0,0.0,8.0,5.0,34,Monday,8
14:00:00,8.0,8.0,10.0,7.0,0.0,0.0,0.0,2.0,5.0,6.0,4.0,0.0,0.0,2.0,6.0,34,Monday,8
15:00:00,8.0,11.0,8.0,10.0,7.0,0.0,0.0,0.0,2.0,5.0,8.0,0.0,0.0,2.0,8.0,34,Monday,8
16:00:00,8.0,8.0,11.0,8.0,10.0,7.0,0.0,0.0,0.0,2.0,5.0,4.0,0.0,0.0,2.0,34,Monday,0
17:00:00,0.0,8.0,8.0,11.0,8.0,10.0,0.0,0.0,0.0,0.0,6.0,8.0,0.0,0.0,2.0,34,Monday,0
18:00:00,0.0,8.0,8.0,8.0,11.0,8.0,0.0,0.0,0.0,0.0,6.0,5.0,0.0,0.0,0.0,34,Monday,0
19:00:00,0.0,0.0,8.0,8.0,8.0,11.0,0.0,0.0,0.0,0.0,5.0,6.0,4.0,0.0,0.0,34,Monday,0
06:00:00,0.0,0.0,0.0,8.0,8.0,8.0,7.0,0.0,0.0,0.0,2.0,6.0,8.0,0.0,0.0,34,Tuesday,0
07:00:00,0.0,0.0,0.0,0.0,8.0,8.0,10.0,7.0,0.0,0.0,0.0,5.0,5.0,0.0,0.0,34,Tuesday,0
08:00:00,0.0,0.0,0.0,0.0,0.0,8.0,8.0,10.0,7.0,0.0,0.0,2.0,6.0,4.0,0.0,34,Tuesday,2
09:00:00,2.0,0.0,0.0,0.0,0.0,0.0,11.0,8.0,10.0,7.0,0.0,0.0,6.0,8.0,0.0,34,Tuesday,5
10:00:00,5.0,0.0,0.0,0.0,0.0,0.0,8.0,11.0,8.0,10.0,0.0,0.0,5.0,5.0,4.0,34,Tuesday,5
11:00:00,5.0,2.0,0.0,0.0,0.0,0.0,8.0,8.0,11.0,8.0,0.0,0.0,2.0,6.0,8.0,34,Tuesday,9
12:00:00,9.0,5.0,2.0,0.0,0.0,0.0,8.0,8.0,8.0,11.0,0.0,0.0,0.0,6.0,5.0,34,Tuesday,9
13:00:00,9.0,5.0,5.0,2.0,0.0,0.0,0.0,8.0,8.0,8.0,7.0,0.0,0.0,5.0,6.0,34,Tuesday,9
14:00:00,9.0,9.0,5.0,5.0,2.0,0.0,0.0,0.0,8.0,8.0,10.0,0.0,0.0,2.0,6.0,34,Tuesday,6
15:00:00,6.0,9.0,9.0,5.0,5.0,2.0,0.0,0.0,0.0,8.0,8.0,7.0,0.0,0.0,5.0,34,Tuesday,4
16:00:00,4.0,9.0,9.0,9.0,5.0,5.0,0.0,0.0,0.0,0.0,11.0,10.0,0.0,0.0,2.0,34,Tuesday,4
17:00:00,4.0,6.0,9.0,9.0,9.0,5.0,0.0,0.0,0.0,0.0,8.0,8.0,0.0,0.0,0.0,34,Tuesday,4
18:00:00,4.0,4.0,6.0,9.0,9.0,9.0,0.0,0.0,0.0,0.0,8.0,11.0,7.0,0.0,0.0,34,Tuesday,0
19:00:00,0.0,4.0,4.0,6.0,9.0,9.0,2.0,0.0,0.0,0.0,8.0,8.0,10.0,0.0,0.0,34,Tuesday,0
06:00:00,0.0,4.0,4.0,4.0,6.0,9.0,5.0,2.0,0.0,0.0,0.0,8.0,8.0,0.0,0.0,34,Wednesday,0
07:00:00,0.0,0.0,4.0,4.0,4.0,6.0,5.0,5.0,2.0,0.0,0.0,8.0,11.0,7.0,0.0,34,Wednesday,0
08:00:00,0.0,0.0,0.0,4.0,4.0,4.0,9.0,5.0,5.0,2.0,0.0,0.0,8.0,10.0,0.0,34,Wednesday,3
09:00:00,3.0,0.0,0.0,0.0,4.0,4.0,9.0,9.0,5.0,5.0,0.0,0.0,8.0,8.0,7.0,34,Wednesday,5
10:00:00,5.0,0.0,0.0,0.0,0.0,4.0,9.0,9.0,9.0,5.0,0.0,0.0,8.0,11.0,10.0,34,Wednesday,10
11:00:00,10.0,3.0,0.0,0.0,0.0,0.0,6.0,9.0,9.0,9.0,0.0,0.0,0.0,8.0,8.0,34,Wednesday,2
12:00:00,2.0,5.0,3.0,0.0,0.0,0.0,4.0,6.0,9.0,9.0,2.0,0.0,0.0,8.0,11.0,34,Wednesday,10
13:00:00,10.0,10.0,5.0,3.0,0.0,0.0,4.0,4.0,6.0,9.0,5.0,0.0,0.0,8.0,8.0,34,Wednesday,11
14:00:00,11.0,2.0,10.0,5.0,3.0,0.0,4.0,4.0,4.0,6.0,5.0,2.0,0.0,0.0,8.0,34,Wednesday,11
15:00:00,11.0,10.0,2.0,10.0,5.0,3.0,0.0,4.0,4.0,4.0,9.0,5.0,0.0,0.0,8.0,34,Wednesday,5
16:00:00,5.0,11.0,10.0,2.0,10.0,5.0,0.0,0.0,4.0,4.0,9.0,5.0,0.0,0.0,0.0,34,Wednesday,4
17:00:00,4.0,11.0,11.0,10.0,2.0,10.0,0.0,0.0,0.0,4.0,9.0,9.0,2.0,0.0,0.0,34,Wednesday,0
18:00:00,0.0,5.0,11.0,11.0,10.0,2.0,0.0,0.0,0.0,0.0,6.0,9.0,5.0,0.0,0.0,34,Wednesday,0
19:00:00,0.0,4.0,5.0,11.0,11.0,10.0,3.0,0.0,0.0,0.0,4.0,9.0,5.0,0.0,0.0,34,Wednesday,0
06:00:00,0.0,0.0,4.0,5.0,11.0,11.0,5.0,3.0,0.0,0.0,4.0,6.0,9.0,2.0,0.0,34,Thursday,0
07:00:00,0.0,0.0,0.0,4.0,5.0,11.0,10.0,5.0,3.0,0.0,4.0,4.0,9.0,5.0,0.0,34,Thursday,0
08:00:00,0.0,0.0,0.0,0.0,4.0,5.0,2.0,10.0,5.0,3.0,0.0,4.0,9.0,5.0,2.0,34,Thursday,1
09:00:00,1.0,0.0,0.0,0.0,0.0,4.0,10.0,2.0,10.0,5.0,0.0,4.0,6.0,9.0,5.0,34,Thursday,6
10:00:00,6.0,0.0,0.0,0.0,0.0,0.0,11.0,10.0,2.0,10.0,0.0,0.0,4.0,9.0,5.0,34,Thursday,11
11:00:00,11.0,1.0,0.0,0.0,0.0,0.0,11.0,11.0,10.0,2.0,0.0,0.0,4.0,9.0,9.0,34,Thursday,7
12:00:00,7.0,6.0,1.0,0.0,0.0,0.0,5.0,11.0,11.0,10.0,3.0,0.0,4.0,6.0,9.0,34,Thursday,11
13:00:00,11.0,11.0,6.0,1.0,0.0,0.0,4.0,5.0,11.0,11.0,5.0,0.0,0.0,4.0,9.0,34,Thursday,7
14:00:00,7.0,7.0,11.0,6.0,1.0,0.0,0.0,4.0,5.0,11.0,10.0,3.0,0.0,4.0,6.0,34,Thursday,8
15:00:00,8.0,11.0,7.0,11.0,6.0,1.0,0.0,0.0,4.0,5.0,2.0,5.0,0.0,4.0,4.0,34,Thursday,12
16:00:00,12.0,7.0,11.0,7.0,11.0,6.0,0.0,0.0,0.0,4.0,10.0,10.0,0.0,0.0,4.0,34,Thursday,0
17:00:00,0.0,8.0,7.0,11.0,7.0,11.0,0.0,0.0,0.0,0.0,11.0,2.0,3.0,0.0,4.0,34,Thursday,2
18:00:00,2.0,12.0,8.0,7.0,11.0,7.0,0.0,0.0,0.0,0.0,11.0,10.0,5.0,0.0,0.0,34,Thursday,1
19:00:00,1.0,0.0,12.0,8.0,7.0,11.0,1.0,0.0,0.0,0.0,5.0,11.0,10.0,0.0,0.0,34,Thursday,3
06:00:00,3.0,2.0,0.0,12.0,8.0,7.0,6.0,1.0,0.0,0.0,4.0,11.0,2.0,3.0,0.0,34,Friday,0
07:00:00,0.0,1.0,2.0,0.0,12.0,8.0,11.0,6.0,1.0,0.0,0.0,5.0,10.0,5.0,0.0,34,Friday,0
08:00:00,0.0,3.0,1.0,2.0,0.0,12.0,7.0,11.0,6.0,1.0,0.0,4.0,11.0,10.0,3.0,34,Friday,1
09:00:00,1.0,0.0,3.0,1.0,2.0,0.0,11.0,7.0,11.0,6.0,0.0,0.0,11.0,2.0,5.0,34,Friday,4
10:00:00,4.0,0.0,0.0,3.0,1.0,2.0,7.0,11.0,7.0,11.0,0.0,0.0,5.0,10.0,10.0,34,Friday,3
11:00:00,3.0,1.0,0.0,0.0,3.0,1.0,8.0,7.0,11.0,7.0,0.0,0.0,4.0,11.0,2.0,34,Friday,10
12:00:00,10.0,4.0,1.0,0.0,0.0,3.0,12.0,8.0,7.0,11.0,1.0,0.0,0.0,11.0,10.0,34,Friday,6
13:00:00,6.0,3.0,4.0,1.0,0.0,0.0,0.0,12.0,8.0,7.0,6.0,0.0,0.0,5.0,11.0,34,Friday,5
14:00:00,5.0,10.0,3.0,4.0,1.0,0.0,2.0,0.0,12.0,8.0,11.0,1.0,0.0,4.0,11.0,34,Friday,10
15:00:00,10.0,6.0,10.0,3.0,4.0,1.0,1.0,2.0,0.0,12.0,7.0,6.0,0.0,0.0,5.0,34,Friday,3
16:00:00,3.0,5.0,6.0,10.0,3.0,4.0,3.0,1.0,2.0,0.0,11.0,11.0,0.0,0.0,4.0,34,Friday,0
17:00:00,0.0,10.0,5.0,6.0,10.0,3.0,0.0,3.0,1.0,2.0,7.0,7.0,1.0,0.0,0.0,34,Friday,0
18:00:00,0.0,3.0,10.0,5.0,6.0,10.0,0.0,0.0,3.0,1.0,8.0,11.0,6.0,0.0,0.0,34,Friday,0
19:00:00,0.0,0.0,3.0,10.0,5.0,6.0,1.0,0.0,0.0,3.0,12.0,7.0,11.0,0.0,0.0,34,Friday,0
06:00:00,0.0,0.0,0.0,3.0,10.0,5.0,4.0,1.0,0.0,0.0,0.0,8.0,7.0,1.0,0.0,34,Sunday,0
07:00:00,0.0,0.0,0.0,0.0,3.0,10.0,3.0,4.0,1.0,0.0,2.0,12.0,11.0,6.0,0.0,34,Sunday,0
08:00:00,0.0,0.0,0.0,0.0,0.0,3.0,10.0,3.0,4.0,1.0,1.0,0.0,7.0,11.0,1.0,34,Sunday,0
09:00:00,0.0,0.0,0.0,0.0,0.0,0.0,6.0,10.0,3.0,4.0,3.0,2.0,8.0,7.0,6.0,34,Sunday,0
10:00:00,0.0,0.0,0.0,0.0,0.0,0.0,5.0,6.0,10.0,3.0,0.0,1.0,12.0,11.0,11.0,34,Sunday,5
11:00:00,5.0,0.0,0.0,0.0,0.0,0.0,10.0,5.0,6.0,10.0,0.0,3.0,0.0,7.0,7.0,34,Sunday,5
12:00:00,5.0,0.0,0.0,0.0,0.0,0.0,3.0,10.0,5.0,6.0,1.0,0.0,2.0,8.0,11.0,34,Sunday,10
13:00:00,10.0,5.0,0.0,0.0,0.0,0.0,0.0,3.0,10.0,5.0,4.0,0.0,1.0,12.0,7.0,34,Sunday,5
14:00:00,5.0,5.0,5.0,0.0,0.0,0.0,0.0,0.0,3.0,10.0,3.0,1.0,3.0,0.0,8.0,34,Sunday,5
15:00:00,5.0,10.0,5.0,5.0,0.0,0.0,0.0,0.0,0.0,3.0,10.0,4.0,0.0,2.0,12.0,34,Sunday,5
16:00:00,5.0,5.0,10.0,5.0,5.0,0.0,0.0,0.0,0.0,0.0,6.0,3.0,0.0,1.0,0.0,34,Sunday,1
17:00:00,1.0,5.0,5.0,10.0,5.0,5.0,0.0,0.0,0.0,0.0,5.0,10.0,1.0,3.0,2.0,34,Sunday,0
18:00:00,0.0,5.0,5.0,5.0,10.0,5.0,0.0,0.0,0.0,0.0,10.0,6.0,4.0,0.0,1.0,34,Sunday,0
19:00:00,0.0,1.0,5.0,5.0,5.0,10.0,0.0,0.0,0.0,0.0,3.0,5.0,3.0,0.0,3.0,34,Sunday,0
06:00:00,0.0,0.0,1.0,5.0,5.0,5.0,0.0,0.0,0.0,0.0,0.0,10.0,10.0,1.0,0.0,35,Tuesday,0
07:00:00,0.0,0.0,0.0,1.0,5.0,5.0,5.0,0.0,0.0,0.0,0.0,3.0,6.0,4.0,0.0,35,Tuesday,0
08:00:00,0.0,0.0,0.0,0.0,1.0,5.0,5.0,5.0,0.0,0.0,0.0,0.0,5.0,3.0,1.0,35,Tuesday,1
09:00:00,1.0,0.0,0.0,0.0,0.0,1.0,10.0,5.0,5.0,0.0,0.0,0.0,10.0,10.0,4.0,35,Tuesday,1
10:00:00,1.0,0.0,0.0,0.0,0.0,0.0,5.0,10.0,5.0,5.0,0.0,0.0,3.0,6.0,3.0,35,Tuesday,3
11:00:00,3.0,1.0,0.0,0.0,0.0,0.0,5.0,5.0,10.0,5.0,0.0,0.0,0.0,5.0,10.0,35,Tuesday,4
12:00:00,4.0,1.0,1.0,0.0,0.0,0.0,5.0,5.0,5.0,10.0,0.0,0.0,0.0,10.0,6.0,35,Tuesday,6
13:00:00,6.0,3.0,1.0,1.0,0.0,0.0,1.0,5.0,5.0,5.0,0.0,0.0,0.0,3.0,5.0,35,Tuesday,1
14:00:00,1.0,4.0,3.0,1.0,1.0,0.0,0.0,1.0,5.0,5.0,5.0,0.0,0.0,0.0,10.0,35,Tuesday,1
15:00:00,1.0,6.0,4.0,3.0,1.0,1.0,0.0,0.0,1.0,5.0,5.0,0.0,0.0,0.0,3.0,35,Tuesday,3
16:00:00,3.0,1.0,6.0,4.0,3.0,1.0,0.0,0.0,0.0,1.0,10.0,5.0,0.0,0.0,0.0,35,Tuesday,2
17:00:00,2.0,1.0,1.0,6.0,4.0,3.0,0.0,0.0,0.0,0.0,5.0,5.0,0.0,0.0,0.0,35,Tuesday,1
18:00:00,1.0,3.0,1.0,1.0,6.0,4.0,0.0,0.0,0.0,0.0,5.0,10.0,0.0,0.0,0.0,35,Tuesday,0
19:00:00,0.0,2.0,3.0,1.0,1.0,6.0,1.0,0.0,0.0,0.0,5.0,5.0,5.0,0.0,0.0,35,Tuesday,0
06:00:00,0.0,1.0,2.0,3.0,1.0,1.0,1.0,1.0,0.0,0.0,1.0,5.0,5.0,0.0,0.0,35,Wednesday,0
07:00:00,0.0,0.0,1.0,2.0,3.0,1.0,3.0,1.0,1.0,0.0,0.0,5.0,10.0,0.0,0.0,35,Wednesday,0
08:00:00,0.0,0.0,0.0,1.0,2.0,3.0,4.0,3.0,1.0,1.0,0.0,1.0,5.0,5.0,0.0,35,Wednesday,1
09:00:00,1.0,0.0,0.0,0.0,1.0,2.0,6.0,4.0,3.0,1.0,0.0,0.0,5.0,5.0,0.0,35,Wednesday,4
10:00:00,4.0,0.0,0.0,0.0,0.0,1.0,1.0,6.0,4.0,3.0,0.0,0.0,5.0,10.0,5.0,35,Wednesday,9
11:00:00,9.0,1.0,0.0,0.0,0.0,0.0,1.0,1.0,6.0,4.0,0.0,0.0,1.0,5.0,5.0,35,Wednesday,5
12:00:00,5.0,4.0,1.0,0.0,0.0,0.0,3.0,1.0,1.0,6.0,1.0,0.0,0.0,5.0,10.0,35,Wednesday,4
13:00:00,4.0,9.0,4.0,1.0,0.0,0.0,2.0,3.0,1.0,1.0,1.0,0.0,0.0,5.0,5.0,35,Wednesday,5
14:00:00,5.0,5.0,9.0,4.0,1.0,0.0,1.0,2.0,3.0,1.0,3.0,1.0,0.0,1.0,5.0,35,Wednesday,4
15:00:00,4.0,4.0,5.0,9.0,4.0,1.0,0.0,1.0,2.0,3.0,4.0,1.0,0.0,0.0,5.0,35,Wednesday,5
16:00:00,5.0,5.0,4.0,5.0,9.0,4.0,0.0,0.0,1.0,2.0,6.0,3.0,0.0,0.0,1.0,35,Wednesday,2
17:00:00,2.0,4.0,5.0,4.0,5.0,9.0,0.0,0.0,0.0,1.0,1.0,4.0,1.0,0.0,0.0,35,Wednesday,2
18:00:00,2.0,5.0,4.0,5.0,4.0,5.0,0.0,0.0,0.0,0.0,1.0,6.0,1.0,0.0,0.0,35,Wednesday,0
19:00:00,0.0,2.0,5.0,4.0,5.0,4.0,1.0,0.0,0.0,0.0,3.0,1.0,3.0,0.0,0.0,35,Wednesday,0
06:00:00,0.0,2.0,2.0,5.0,4.0,5.0,4.0,1.0,0.0,0.0,2.0,1.0,4.0,1.0,0.0,35,Thursday,0
07:00:00,0.0,0.0,2.0,2.0,5.0,4.0,9.0,4.0,1.0,0.0,1.0,3.0,6.0,1.0,0.0,35,Thursday,0
08:00:00,0.0,0.0,0.0,2.0,2.0,5.0,5.0,9.0,4.0,1.0,0.0,2.0,1.0,3.0,1.0,35,Thursday,1
09:00:00,1.0,0.0,0.0,0.0,2.0,2.0,4.0,5.0,9.0,4.0,0.0,1.0,1.0,4.0,1.0,35,Thursday,4
10:00:00,4.0,0.0,0.0,0.0,0.0,2.0,5.0,4.0,5.0,9.0,0.0,0.0,3.0,6.0,3.0,35,Thursday,6
11:00:00,6.0,1.0,0.0,0.0,0.0,0.0,4.0,5.0,4.0,5.0,0.0,0.0,2.0,1.0,4.0,35,Thursday,9
12:00:00,9.0,4.0,1.0,0.0,0.0,0.0,5.0,4.0,5.0,4.0,1.0,0.0,1.0,1.0,6.0,35,Thursday,8
13:00:00,8.0,6.0,4.0,1.0,0.0,0.0,2.0,5.0,4.0,5.0,4.0,0.0,0.0,3.0,1.0,35,Thursday,5
14:00:00,5.0,9.0,6.0,4.0,1.0,0.0,2.0,2.0,5.0,4.0,9.0,1.0,0.0,2.0,1.0,35,Thursday,7
15:00:00,7.0,8.0,9.0,6.0,4.0,1.0,0.0,2.0,2.0,5.0,5.0,4.0,0.0,1.0,3.0,35,Thursday,5
16:00:00,5.0,5.0,8.0,9.0,6.0,4.0,0.0,0.0,2.0,2.0,4.0,9.0,0.0,0.0,2.0,35,Thursday,12
17:00:00,12.0,7.0,5.0,8.0,9.0,6.0,0.0,0.0,0.0,2.0,5.0,5.0,1.0,0.0,1.0,35,Thursday,7
18:00:00,7.0,5.0,7.0,5.0,8.0,9.0,0.0,0.0,0.0,0.0,4.0,4.0,4.0,0.0,0.0,35,Thursday,4
19:00:00,4.0,12.0,5.0,7.0,5.0,8.0,1.0,0.0,0.0,0.0,5.0,5.0,9.0,0.0,0.0,35,Thursday,3
06:00:00,3.0,7.0,12.0,5.0,7.0,5.0,4.0,1.0,0.0,0.0,2.0,4.0,5.0,1.0,0.0,35,Friday,0
07:00:00,0.0,4.0,7.0,12.0,5.0,7.0,6.0,4.0,1.0,0.0,2.0,5.0,4.0,4.0,0.0,35,Friday,0
08:00:00,0.0,3.0,4.0,7.0,12.0,5.0,9.0,6.0,4.0,1.0,0.0,2.0,5.0,9.0,1.0,35,Friday,1
09:00:00,1.0,0.0,3.0,4.0,7.0,12.0,8.0,9.0,6.0,4.0,0.0,2.0,4.0,5.0,4.0,35,Friday,6
10:00:00,6.0,0.0,0.0,3.0,4.0,7.0,5.0,8.0,9.0,6.0,0.0,0.0,5.0,4.0,9.0,35,Friday,11
11:00:00,11.0,1.0,0.0,0.0,3.0,4.0,7.0,5.0,8.0,9.0,0.0,0.0,2.0,5.0,5.0,35,Friday,6
12:00:00,6.0,6.0,1.0,0.0,0.0,3.0,5.0,7.0,5.0,8.0,1.0,0.0,2.0,4.0,4.0,35,Friday,6
13:00:00,6.0,11.0,6.0,1.0,0.0,0.0,12.0,5.0,7.0,5.0,4.0,0.0,0.0,5.0,5.0,35,Friday,11
14:00:00,11.0,6.0,11.0,6.0,1.0,0.0,7.0,12.0,5.0,7.0,6.0,1.0,0.0,2.0,4.0,35,Friday,5
15:00:00,5.0,6.0,6.0,11.0,6.0,1.0,4.0,7.0,12.0,5.0,9.0,4.0,0.0,2.0,5.0,35,Friday,9
16:00:00,9.0,11.0,6.0,6.0,11.0,6.0,3.0,4.0,7.0,12.0,8.0,6.0,0.0,0.0,2.0,35,Friday,3
17:00:00,3.0,5.0,11.0,6.0,6.0,11.0,0.0,3.0,4.0,7.0,5.0,9.0,1.0,0.0,2.0,35,Friday,1
18:00:00,1.0,9.0,5.0,11.0,6.0,6.0,0.0,0.0,3.0,4.0,7.0,8.0,4.0,0.0,0.0,35,Friday,0
19:00:00,0.0,3.0,9.0,5.0,11.0,6.0,1.0,0.0,0.0,3.0,5.0,5.0,6.0,0.0,0.0,35,Friday,0
06:00:00,0.0,1.0,3.0,9.0,5.0,11.0,6.0,1.0,0.0,0.0,12.0,7.0,9.0,1.0,0.0,35,Sunday,0
07:00:00,0.0,0.0,1.0,3.0,9.0,5.0,11.0,6.0,1.0,0.0,7.0,5.0,8.0,4.0,0.0,35,Sunday,0
08:00:00,0.0,0.0,0.0,1.0,3.0,9.0,6.0,11.0,6.0,1.0,4.0,12.0,5.0,6.0,1.0,35,Sunday,0
09:00:00,0.0,0.0,0.0,0.0,1.0,3.0,6.0,6.0,11.0,6.0,3.0,7.0,7.0,9.0,4.0,35,Sunday,0
10:00:00,0.0,0.0,0.0,0.0,0.0,1.0,11.0,6.0,6.0,11.0,0.0,4.0,5.0,8.0,6.0,35,Sunday,3
11:00:00,3.0,0.0,0.0,0.0,0.0,0.0,5.0,11.0,6.0,6.0,0.0,3.0,12.0,5.0,9.0,35,Sunday,8
12:00:00,8.0,0.0,0.0,0.0,0.0,0.0,9.0,5.0,11.0,6.0,1.0,0.0,7.0,7.0,8.0,35,Sunday,12
13:00:00,12.0,3.0,0.0,0.0,0.0,0.0,3.0,9.0,5.0,11.0,6.0,0.0,4.0,5.0,5.0,35,Sunday,8
14:00:00,8.0,8.0,3.0,0.0,0.0,0.0,1.0,3.0,9.0,5.0,11.0,1.0,3.0,12.0,7.0,35,Sunday,6
15:00:00,6.0,12.0,8.0,3.0,0.0,0.0,0.0,1.0,3.0,9.0,6.0,6.0,0.0,7.0,5.0,35,Sunday,5
16:00:00,5.0,8.0,12.0,8.0,3.0,0.0,0.0,0.0,1.0,3.0,6.0,11.0,0.0,4.0,12.0,35,Sunday,3
17:00:00,3.0,6.0,8.0,12.0,8.0,3.0,0.0,0.0,0.0,1.0,11.0,6.0,1.0,3.0,7.0,35,Sunday,0
18:00:00,0.0,5.0,6.0,8.0,12.0,8.0,0.0,0.0,0.0,0.0,5.0,6.0,6.0,0.0,4.0,35,Sunday,0
19:00:00,0.0,3.0,5.0,6.0,8.0,12.0,0.0,0.0,0.0,0.0,9.0,11.0,11.0,0.0,3.0,35,Sunday,0
06:00:00,0.0,0.0,3.0,5.0,6.0,8.0,0.0,0.0,0.0,0.0,3.0,5.0,6.0,1.0,0.0,36,Monday,0
07:00:00,0.0,0.0,0.0,3.0,5.0,6.0,3.0,0.0,0.0,0.0,1.0,9.0,6.0,6.0,0.0,36,Monday,0
08:00:00,0.0,0.0,0.0,0.0,3.0,5.0,8.0,3.0,0.0,0.0,0.0,3.0,11.0,11.0,1.0,36,Monday,0
09:00:00,0.0,0.0,0.0,0.0,0.0,3.0,12.0,8.0,3.0,0.0,0.0,1.0,5.0,6.0,6.0,36,Monday,10
10:00:00,10.0,0.0,0.0,0.0,0.0,0.0,8.0,12.0,8.0,3.0,0.0,0.0,9.0,6.0,11.0,36,Monday,6
11:00:00,6.0,0.0,0.0,0.0,0.0,0.0,6.0,8.0,12.0,8.0,0.0,0.0,3.0,11.0,6.0,36,Monday,9
12:00:00,9.0,10.0,0.0,0.0,0.0,0.0,5.0,6.0,8.0,12.0,0.0,0.0,1.0,5.0,6.0,36,Monday,8
13:00:00,8.0,6.0,10.0,0.0,0.0,0.0,3.0,5.0,6.0,8.0,0.0,0.0,0.0,9.0,11.0,36,Monday,6
14:00:00,6.0,9.0,6.0,10.0,0.0,0.0,0.0,3.0,5.0,6.0,3.0,0.0,0.0,3.0,5.0,36,Monday,6
15:00:00,6.0,8.0,9.0,6.0,10.0,0.0,0.0,0.0,3.0,5.0,8.0,0.0,0.0,1.0,9.0,36,Monday,8
16:00:00,8.0,6.0,8.0,9.0,6.0,10.0,0.0,0.0,0.0,3.0,12.0,3.0,0.0,0.0,3.0,36,Monday,2
17:00:00,2.0,6.0,6.0,8.0,9.0,6.0,0.0,0.0,0.0,0.0,8.0,8.0,0.0,0.0,1.0,36,Monday,2
18:00:00,2.0,8.0,6.0,6.0,8.0,9.0,0.0,0.0,0.0,0.0,6.0,12.0,0.0,0.0,0.0,36,Monday,0
19:00:00,0.0,2.0,8.0,6.0,6.0,8.0,0.0,0.0,0.0,0.0,5.0,8.0,3.0,0.0,0.0,36,Monday,0
06:00:00,0.0,2.0,2.0,8.0,6.0,6.0,10.0,0.0,0.0,0.0,3.0,6.0,8.0,0.0,0.0,36,Tuesday,0
07:00:00,0.0,0.0,2.0,2.0,8.0,6.0,6.0,10.0,0.0,0.0,0.0,5.0,12.0,0.0,0.0,36,Tuesday,0
08:00:00,0.0,0.0,0.0,2.0,2.0,8.0,9.0,6.0,10.0,0.0,0.0,3.0,8.0,3.0,0.0,36,Tuesday,1
09:00:00,1.0,0.0,0.0,0.0,2.0,2.0,8.0,9.0,6.0,10.0,0.0,0.0,6.0,8.0,0.0,36,Tuesday,7
10:00:00,7.0,0.0,0.0,0.0,0.0,2.0,6.0,8.0,9.0,6.0,0.0,0.0,5.0,12.0,3.0,36,Tuesday,6
11:00:00,6.0,1.0,0.0,0.0,0.0,0.0,6.0,6.0,8.0,9.0,0.0,0.0,3.0,8.0,8.0,36,Tuesday,5
12:00:00,5.0,7.0,1.0,0.0,0.0,0.0,8.0,6.0,6.0,8.0,0.0,0.0,0.0,6.0,12.0,36,Tuesday,14
13:00:00,14.0,6.0,7.0,1.0,0.0,0.0,2.0,8.0,6.0,6.0,10.0,0.0,0.0,5.0,8.0,36,Tuesday,6
14:00:00,6.0,5.0,6.0,7.0,1.0,0.0,2.0,2.0,8.0,6.0,6.0,0.0,0.0,3.0,6.0,36,Tuesday,7
15:00:00,7.0,14.0,5.0,6.0,7.0,1.0,0.0,2.0,2.0,8.0,9.0,10.0,0.0,0.0,5.0,36,Tuesday,6
16:00:00,6.0,6.0,14.0,5.0,6.0,7.0,0.0,0.0,2.0,2.0,8.0,6.0,0.0,0.0,3.0,36,Tuesday,2
17:00:00,2.0,7.0,6.0,14.0,5.0,6.0,0.0,0.0,0.0,2.0,6.0,9.0,0.0,0.0,0.0,36,Tuesday,0
18:00:00,0.0,6.0,7.0,6.0,14.0,5.0,0.0,0.0,0.0,0.0,6.0,8.0,10.0,0.0,0.0,36,Tuesday,0
19:00:00,0.0,2.0,6.0,7.0,6.0,14.0,1.0,0.0,0.0,0.0,8.0,6.0,6.0,0.0,0.0,36,Tuesday,0
06:00:00,0.0,0.0,2.0,6.0,7.0,6.0,7.0,1.0,0.0,0.0,2.0,6.0,9.0,0.0,0.0,36,Wednesday,0
07:00:00,0.0,0.0,0.0,2.0,6.0,7.0,6.0,7.0,1.0,0.0,2.0,8.0,8.0,10.0,0.0,36,Wednesday,0
08:00:00,0.0,0.0,0.0,0.0,2.0,6.0,5.0,6.0,7.0,1.0,0.0,2.0,6.0,6.0,0.0,36,Wednesday,1
09:00:00,1.0,0.0,0.0,0.0,0.0,2.0,14.0,5.0,6.0,7.0,0.0,2.0,6.0,9.0,10.0,36,Wednesday,4
10:00:00,4.0,0.0,0.0,0.0,0.0,0.0,6.0,14.0,5.0,6.0,0.0,0.0,8.0,8.0,6.0,36,Wednesday,9
11:00:00,9.0,1.0,0.0,0.0,0.0,0.0,7.0,6.0,14.0,5.0,0.0,0.0,2.0,6.0,9.0,36,Wednesday,4
12:00:00,4.0,4.0,1.0,0.0,0.0,0.0,6.0,7.0,6.0,14.0,1.0,0.0,2.0,6.0,8.0,36,Wednesday,6
13:00:00,6.0,9.0,4.0,1.0,0.0,0.0,2.0,6.0,7.0,6.0,7.0,0.0,0.0,8.0,6.0,36,Wednesday,4
14:00:00,4.0,4.0,9.0,4.0,1.0,0.0,0.0,2.0,6.0,7.0,6.0,1.0,0.0,2.0,6.0,36,Wednesday,7
15:00:00,7.0,6.0,4.0,9.0,4.0,1.0,0.0,0.0,2.0,6.0,5.0,7.0,0.0,2.0,8.0,36,Wednesday,7
16:00:00,7.0,4.0,6.0,4.0,9.0,4.0,0.0,0.0,0.0,2.0,14.0,6.0,0.0,0.0,2.0,36,Wednesday,2
17:00:00,2.0,7.0,4.0,6.0,4.0,9.0,0.0,0.0,0.0,0.0,6.0,5.0,1.0,0.0,2.0,36,Wednesday,0
18:00:00,0.0,7.0,7.0,4.0,6.0,4.0,0.0,0.0,0.0,0.0,7.0,14.0,7.0,0.0,0.0,36,Wednesday,0
19:00:00,0.0,2.0,7.0,7.0,4.0,6.0,1.0,0.0,0.0,0.0,6.0,6.0,6.0,0.0,0.0,36,Wednesday,0
06:00:00,0.0,0.0,2.0,7.0,7.0,4.0,4.0,1.0,0.0,0.0,2.0,7.0,5.0,1.0,0.0,36,Thursday,0
07:00:00,0.0,0.0,0.0,2.0,7.0,7.0,9.0,4.0,1.0,0.0,0.0,6.0,14.0,7.0,0.0,36,Thursday,0
08:00:00,0.0,0.0,0.0,0.0,2.0,7.0,4.0,9.0,4.0,1.0,0.0,2.0,6.0,6.0,1.0,36,Thursday,1
09:00:00,1.0,0.0,0.0,0.0,0.0,2.0,6.0,4.0,9.0,4.0,0.0,0.0,7.0,5.0,7.0,36,Thursday,2
10:00:00,2.0,0.0,0.0,0.0,0.0,0.0,4.0,6.0,4.0,9.0,0.0,0.0,6.0,14.0,6.0,36,Thursday,11
11:00:00,11.0,1.0,0.0,0.0,0.0,0.0,7.0,4.0,6.0,4.0,0.0,0.0,2.0,6.0,5.0,36,Thursday,8
12:00:00,8.0,2.0,1.0,0.0,0.0,0.0,7.0,7.0,4.0,6.0,1.0,0.0,0.0,7.0,14.0,36,Thursday,17
13:00:00,17.0,11.0,2.0,1.0,0.0,0.0,2.0,7.0,7.0,4.0,4.0,0.0,0.0,6.0,6.0,36,Thursday,10
14:00:00,10.0,8.0,11.0,2.0,1.0,0.0,0.0,2.0,7.0,7.0,9.0,1.0,0.0,2.0,7.0,36,Thursday,8
15:00:00,8.0,17.0,8.0,11.0,2.0,1.0,0.0,0.0,2.0,7.0,4.0,4.0,0.0,0.0,6.0,36,Thursday,9
16:00:00,9.0,10.0,17.0,8.0,11.0,2.0,0.0,0.0,0.0,2.0,6.0,9.0,0.0,0.0,2.0,36,Thursday,0
17:00:00,0.0,8.0,10.0,17.0,8.0,11.0,0.0,0.0,0.0,0.0,4.0,4.0,1.0,0.0,0.0,36,Thursday,0
18:00:00,0.0,9.0,8.0,10.0,17.0,8.0,0.0,0.0,0.0,0.0,7.0,6.0,4.0,0.0,0.0,36,Thursday,0
19:00:00,0.0,0.0,9.0,8.0,10.0,17.0,1.0,0.0,0.0,0.0,7.0,4.0,9.0,0.0,0.0,36,Thursday,1
06:00:00,1.0,0.0,0.0,9.0,8.0,10.0,2.0,1.0,0.0,0.0,2.0,7.0,4.0,1.0,0.0,36,Friday,0
07:00:00,0.0,0.0,0.0,0.0,9.0,8.0,11.0,2.0,1.0,0.0,0.0,7.0,6.0,4.0,0.0,36,Friday,0
08:00:00,0.0,1.0,0.0,0.0,0.0,9.0,8.0,11.0,2.0,1.0,0.0,2.0,4.0,9.0,1.0,36,Friday,1
09:00:00,1.0,0.0,1.0,0.0,0.0,0.0,17.0,8.0,11.0,2.0,0.0,0.0,7.0,4.0,4.0,36,Friday,4
10:00:00,4.0,0.0,0.0,1.0,0.0,0.0,10.0,17.0,8.0,11.0,0.0,0.0,7.0,6.0,9.0,36,Friday,12
11:00:00,12.0,1.0,0.0,0.0,1.0,0.0,8.0,10.0,17.0,8.0,0.0,0.0,2.0,4.0,4.0,36,Friday,4
12:00:00,4.0,4.0,1.0,0.0,0.0,1.0,9.0,8.0,10.0,17.0,1.0,0.0,0.0,7.0,6.0,36,Friday,7
13:00:00,7.0,12.0,4.0,1.0,0.0,0.0,0.0,9.0,8.0,10.0,2.0,0.0,0.0,7.0,4.0,36,Friday,12
14:00:00,12.0,4.0,12.0,4.0,1.0,0.0,0.0,0.0,9.0,8.0,11.0,1.0,0.0,2.0,7.0,36,Friday,6
15:00:00,6.0,7.0,4.0,12.0,4.0,1.0,0.0,0.0,0.0,9.0,8.0,2.0,0.0,0.0,7.0,36,Friday,7
16:00:00,7.0,12.0,7.0,4.0,12.0,4.0,1.0,0.0,0.0,0.0,17.0,11.0,0.0,0.0,2.0,36,Friday,0
17:00:00,0.0,6.0,12.0,7.0,4.0,12.0,0.0,1.0,0.0,0.0,10.0,8.0,1.0,0.0,0.0,36,Friday,0
18:00:00,0.0,7.0,6.0,12.0,7.0,4.0,0.0,0.0,1.0,0.0,8.0,17.0,2.0,0.0,0.0,36,Friday,0
19:00:00,0.0,0.0,7.0,6.0,12.0,7.0,1.0,0.0,0.0,1.0,9.0,10.0,11.0,0.0,0.0,36,Friday,0
06:00:00,0.0,0.0,0.0,7.0,6.0,12.0,4.0,1.0,0.0,0.0,0.0,8.0,8.0,1.0,0.0,36,Sunday,0
07:00:00,0.0,0.0,0.0,0.0,7.0,6.0,12.0,4.0,1.0,0.0,0.0,9.0,17.0,2.0,0.0,36,Sunday,0
08:00:00,0.0,0.0,0.0,0.0,0.0,7.0,4.0,12.0,4.0,1.0,0.0,0.0,10.0,11.0,1.0,36,Sunday,0
09:00:00,0.0,0.0,0.0,0.0,0.0,0.0,7.0,4.0,12.0,4.0,1.0,0.0,8.0,8.0,2.0,36,Sunday,0
10:00:00,0.0,0.0,0.0,0.0,0.0,0.0,12.0,7.0,4.0,12.0,0.0,0.0,9.0,17.0,11.0,36,Sunday,6
11:00:00,6.0,0.0,0.0,0.0,0.0,0.0,6.0,12.0,7.0,4.0,0.0,1.0,0.0,10.0,8.0,36,Sunday,11
12:00:00,11.0,0.0,0.0,0.0,0.0,0.0,7.0,6.0,12.0,7.0,1.0,0.0,0.0,8.0,17.0,36,Sunday,14
13:00:00,14.0,6.0,0.0,0.0,0.0,0.0,0.0,7.0,6.0,12.0,4.0,0.0,0.0,9.0,10.0,36,Sunday,12
14:00:00,12.0,11.0,6.0,0.0,0.0,0.0,0.0,0.0,7.0,6.0,12.0,1.0,1.0,0.0,8.0,36,Sunday,10
15:00:00,10.0,14.0,11.0,6.0,0.0,0.0,0.0,0.0,0.0,7.0,4.0,4.0,0.0,0.0,9.0,36,Sunday,13
16:00:00,13.0,12.0,14.0,11.0,6.0,0.0,0.0,0.0,0.0,0.0,7.0,12.0,0.0,0.0,0.0,36,Sunday,2
17:00:00,2.0,10.0,12.0,14.0,11.0,6.0,0.0,0.0,0.0,0.0,12.0,4.0,1.0,1.0,0.0,36,Sunday,0
18:00:00,0.0,13.0,10.0,12.0,14.0,11.0,0.0,0.0,0.0,0.0,6.0,7.0,4.0,0.0,0.0,36,Sunday,0
19:00:00,0.0,2.0,13.0,10.0,12.0,14.0,0.0,0.0,0.0,0.0,7.0,12.0,12.0,0.0,1.0,36,Sunday,0
06:00:00,0.0,0.0,2.0,13.0,10.0,12.0,0.0,0.0,0.0,0.0,0.0,6.0,4.0,1.0,0.0,37,Monday,0
07:00:00,0.0,0.0,0.0,2.0,13.0,10.0,6.0,0.0,0.0,0.0,0.0,7.0,7.0,4.0,0.0,37,Monday,0
08:00:00,0.0,0.0,0.0,0.0,2.0,13.0,11.0,6.0,0.0,0.0,0.0,0.0,12.0,12.0,1.0,37,Monday,1
09:00:00,1.0,0.0,0.0,0.0,0.0,2.0,14.0,11.0,6.0,0.0,0.0,0.0,6.0,4.0,4.0,37,Monday,8
10:00:00,8.0,0.0,0.0,0.0,0.0,0.0,12.0,14.0,11.0,6.0,0.0,0.0,7.0,7.0,12.0,37,Monday,3
11:00:00,3.0,1.0,0.0,0.0,0.0,0.0,10.0,12.0,14.0,11.0,0.0,0.0,0.0,12.0,4.0,37,Monday,4
12:00:00,4.0,8.0,1.0,0.0,0.0,0.0,13.0,10.0,12.0,14.0,0.0,0.0,0.0,6.0,7.0,37,Monday,11
13:00:00,11.0,3.0,8.0,1.0,0.0,0.0,2.0,13.0,10.0,12.0,0.0,0.0,0.0,7.0,12.0,37,Monday,10
14:00:00,10.0,4.0,3.0,8.0,1.0,0.0,0.0,2.0,13.0,10.0,6.0,0.0,0.0,0.0,6.0,37,Monday,9
15:00:00,9.0,11.0,4.0,3.0,8.0,1.0,0.0,0.0,2.0,13.0,11.0,0.0,0.0,0.0,7.0,37,Monday,10
16:00:00,10.0,10.0,11.0,4.0,3.0,8.0,0.0,0.0,0.0,2.0,14.0,6.0,0.0,0.0,0.0,37,Monday,6
17:00:00,6.0,9.0,10.0,11.0,4.0,3.0,0.0,0.0,0.0,0.0,12.0,11.0,0.0,0.0,0.0,37,Monday,1
18:00:00,1.0,10.0,9.0,10.0,11.0,4.0,0.0,0.0,0.0,0.0,10.0,14.0,0.0,0.0,0.0,37,Monday,0
19:00:00,0.0,6.0,10.0,9.0,10.0,11.0,1.0,0.0,0.0,0.0,13.0,12.0,6.0,0.0,0.0,37,Monday,0
06:00:00,0.0,1.0,6.0,10.0,9.0,10.0,8.0,1.0,0.0,0.0,2.0,10.0,11.0,0.0,0.0,37,Tuesday,0
07:00:00,0.0,0.0,1.0,6.0,10.0,9.0,3.0,8.0,1.0,0.0,0.0,13.0,14.0,0.0,0.0,37,Tuesday,0
08:00:00,0.0,0.0,0.0,1.0,6.0,10.0,4.0,3.0,8.0,1.0,0.0,2.0,12.0,6.0,0.0,37,Tuesday,0
09:00:00,0.0,0.0,0.0,0.0,1.0,6.0,11.0,4.0,3.0,8.0,0.0,0.0,10.0,11.0,0.0,37,Tuesday,7
10:00:00,7.0,0.0,0.0,0.0,0.0,1.0,10.0,11.0,4.0,3.0,0.0,0.0,13.0,14.0,6.0,37,Tuesday,5
11:00:00,5.0,0.0,0.0,0.0,0.0,0.0,9.0,10.0,11.0,4.0,0.0,0.0,2.0,12.0,11.0,37,Tuesday,12
12:00:00,12.0,7.0,0.0,0.0,0.0,0.0,10.0,9.0,10.0,11.0,1.0,0.0,0.0,10.0,14.0,37,Tuesday,9
13:00:00,9.0,5.0,7.0,0.0,0.0,0.0,6.0,10.0,9.0,10.0,8.0,0.0,0.0,13.0,12.0,37,Tuesday,6
14:00:00,6.0,12.0,5.0,7.0,0.0,0.0,1.0,6.0,10.0,9.0,3.0,1.0,0.0,2.0,10.0,37,Tuesday,8
15:00:00,8.0,9.0,12.0,5.0,7.0,0.0,0.0,1.0,6.0,10.0,4.0,8.0,0.0,0.0,13.0,37,Tuesday,8
16:00:00,8.0,6.0,9.0,12.0,5.0,7.0,0.0,0.0,1.0,6.0,11.0,3.0,0.0,0.0,2.0,37,Tuesday,5
17:00:00,5.0,8.0,6.0,9.0,12.0,5.0,0.0,0.0,0.0,1.0,10.0,4.0,1.0,0.0,0.0,37,Tuesday,1
18:00:00,1.0,8.0,8.0,6.0,9.0,12.0,0.0,0.0,0.0,0.0,9.0,11.0,8.0,0.0,0.0,37,Tuesday,0
19:00:00,0.0,5.0,8.0,8.0,6.0,9.0,0.0,0.0,0.0,0.0,10.0,10.0,3.0,0.0,0.0,37,Tuesday,0
06:00:00,0.0,1.0,5.0,8.0,8.0,6.0,7.0,0.0,0.0,0.0,6.0,9.0,4.0,1.0,0.0,37,Wednesday,0
07:00:00,0.0,0.0,1.0,5.0,8.0,8.0,5.0,7.0,0.0,0.0,1.0,10.0,11.0,8.0,0.0,37,Wednesday,0
08:00:00,0.0,0.0,0.0,1.0,5.0,8.0,12.0,5.0,7.0,0.0,0.0,6.0,10.0,3.0,1.0,37,Wednesday,1
09:00:00,1.0,0.0,0.0,0.0,1.0,5.0,9.0,12.0,5.0,7.0,0.0,1.0,9.0,4.0,8.0,37,Wednesday,9
10:00:00,9.0,0.0,0.0,0.0,0.0,1.0,6.0,9.0,12.0,5.0,0.0,0.0,10.0,11.0,3.0,37,Wednesday,5
11:00:00,5.0,1.0,0.0,0.0,0.0,0.0,8.0,6.0,9.0,12.0,0.0,0.0,6.0,10.0,4.0,37,Wednesday,11
12:00:00,11.0,9.0,1.0,0.0,0.0,0.0,8.0,8.0,6.0,9.0,0.0,0.0,1.0,9.0,11.0,37,Wednesday,7
13:00:00,7.0,5.0,9.0,1.0,0.0,0.0,5.0,8.0,8.0,6.0,7.0,0.0,0.0,10.0,10.0,37,Wednesday,10
14:00:00,10.0,11.0,5.0,9.0,1.0,0.0,1.0,5.0,8.0,8.0,5.0,0.0,0.0,6.0,9.0,37,Wednesday,7
15:00:00,7.0,7.0,11.0,5.0,9.0,1.0,0.0,1.0,5.0,8.0,12.0,7.0,0.0,1.0,10.0,37,Wednesday,6
16:00:00,6.0,10.0,7.0,11.0,5.0,9.0,0.0,0.0,1.0,5.0,9.0,5.0,0.0,0.0,6.0,37,Wednesday,2
17:00:00,2.0,7.0,10.0,7.0,11.0,5.0,0.0,0.0,0.0,1.0,6.0,12.0,0.0,0.0,1.0,37,Wednesday,0
18:00:00,0.0,6.0,7.0,10.0,7.0,11.0,0.0,0.0,0.0,0.0,8.0,9.0,7.0,0.0,0.0,37,Wednesday,0
19:00:00,0.0,2.0,6.0,7.0,10.0,7.0,1.0,0.0,0.0,0.0,8.0,6.0,5.0,0.0,0.0,37,Wednesday,0
06:00:00,0.0,0.0,2.0,6.0,7.0,10.0,9.0,1.0,0.0,0.0,5.0,8.0,12.0,0.0,0.0,37,Thursday,0
07:00:00,0.0,0.0,0.0,2.0,6.0,7.0,5.0,9.0,1.0,0.0,1.0,8.0,9.0,7.0,0.0,37,Thursday,0
08:00:00,0.0,0.0,0.0,0.0,2.0,6.0,11.0,5.0,9.0,1.0,0.0,5.0,6.0,5.0,0.0,37,Thursday,2
09:00:00,2.0,0.0,0.0,0.0,0.0,2.0,7.0,11.0,5.0,9.0,0.0,1.0,8.0,12.0,7.0,37,Thursday,5
10:00:00,5.0,0.0,0.0,0.0,0.0,0.0,10.0,7.0,11.0,5.0,0.0,0.0,8.0,9.0,5.0,37,Thursday,9
11:00:00,9.0,2.0,0.0,0.0,0.0,0.0,7.0,10.0,7.0,11.0,0.0,0.0,5.0,6.0,12.0,37,Thursday,8
12:00:00,8.0,5.0,2.0,0.0,0.0,0.0,6.0,7.0,10.0,7.0,1.0,0.0,1.0,8.0,9.0,37,Thursday,10
13:00:00,10.0,9.0,5.0,2.0,0.0,0.0,2.0,6.0,7.0,10.0,9.0,0.0,0.0,8.0,6.0,37,Thursday,9
14:00:00,9.0,8.0,9.0,5.0,2.0,0.0,0.0,2.0,6.0,7.0,5.0,1.0,0.0,5.0,8.0,37,Thursday,9
15:00:00,9.0,10.0,8.0,9.0,5.0,2.0,0.0,0.0,2.0,6.0,11.0,9.0,0.0,1.0,8.0,37,Thursday,10
16:00:00,10.0,9.0,10.0,8.0,9.0,5.0,0.0,0.0,0.0,2.0,7.0,5.0,0.0,0.0,5.0,37,Thursday,3
17:00:00,3.0,9.0,9.0,10.0,8.0,9.0,0.0,0.0,0.0,0.0,10.0,11.0,1.0,0.0,1.0,37,Thursday,3
18:00:00,3.0,10.0,9.0,9.0,10.0,8.0,0.0,0.0,0.0,0.0,7.0,7.0,9.0,0.0,0.0,37,Thursday,2
19:00:00,2.0,3.0,10.0,9.0,9.0,10.0,2.0,0.0,0.0,0.0,6.0,10.0,5.0,0.0,0.0,37,Thursday,1
06:00:00,1.0,3.0,3.0,10.0,9.0,9.0,5.0,2.0,0.0,0.0,2.0,7.0,11.0,1.0,0.0,37,Friday,0
07:00:00,0.0,2.0,3.0,3.0,10.0,9.0,9.0,5.0,2.0,0.0,0.0,6.0,7.0,9.0,0.0,37,Friday,0
08:00:00,0.0,1.0,2.0,3.0,3.0,10.0,8.0,9.0,5.0,2.0,0.0,2.0,10.0,5.0,1.0,37,Friday,0
09:00:00,0.0,0.0,1.0,2.0,3.0,3.0,10.0,8.0,9.0,5.0,0.0,0.0,7.0,11.0,9.0,37,Friday,7
10:00:00,7.0,0.0,0.0,1.0,2.0,3.0,9.0,10.0,8.0,9.0,0.0,0.0,6.0,7.0,5.0,37,Friday,4
11:00:00,4.0,0.0,0.0,0.0,1.0,2.0,9.0,9.0,10.0,8.0,0.0,0.0,2.0,10.0,11.0,37,Friday,2
12:00:00,2.0,7.0,0.0,0.0,0.0,1.0,10.0,9.0,9.0,10.0,2.0,0.0,0.0,7.0,7.0,37,Friday,8
13:00:00,8.0,4.0,7.0,0.0,0.0,0.0,3.0,10.0,9.0,9.0,5.0,0.0,0.0,6.0,10.0,37,Friday,9
14:00:00,9.0,2.0,4.0,7.0,0.0,0.0,3.0,3.0,10.0,9.0,9.0,2.0,0.0,2.0,7.0,37,Friday,7
15:00:00,7.0,8.0,2.0,4.0,7.0,0.0,2.0,3.0,3.0,10.0,8.0,5.0,0.0,0.0,6.0,37,Friday,3
16:00:00,3.0,9.0,8.0,2.0,4.0,7.0,1.0,2.0,3.0,3.0,10.0,9.0,0.0,0.0,2.0,37,Friday,2
17:00:00,2.0,7.0,9.0,8.0,2.0,4.0,0.0,1.0,2.0,3.0,9.0,8.0,2.0,0.0,0.0,37,Friday,3
18:00:00,3.0,3.0,7.0,9.0,8.0,2.0,0.0,0.0,1.0,2.0,9.0,10.0,5.0,0.0,0.0,37,Friday,0
19:00:00,0.0,2.0,3.0,7.0,9.0,8.0,0.0,0.0,0.0,1.0,10.0,9.0,9.0,0.0,0.0,37,Friday,0
06:00:00,0.0,3.0,2.0,3.0,7.0,9.0,7.0,0.0,0.0,0.0,3.0,9.0,8.0,2.0,0.0,37,Sunday,0
07:00:00,0.0,0.0,3.0,2.0,3.0,7.0,4.0,7.0,0.0,0.0,3.0,10.0,10.0,5.0,0.0,37,Sunday,0
08:00:00,0.0,0.0,0.0,3.0,2.0,3.0,2.0,4.0,7.0,0.0,2.0,3.0,9.0,9.0,2.0,37,Sunday,0
09:00:00,0.0,0.0,0.0,0.0,3.0,2.0,8.0,2.0,4.0,7.0,1.0,3.0,9.0,8.0,5.0,37,Sunday,0
10:00:00,0.0,0.0,0.0,0.0,0.0,3.0,9.0,8.0,2.0,4.0,0.0,2.0,10.0,10.0,9.0,37,Sunday,3
11:00:00,3.0,0.0,0.0,0.0,0.0,0.0,7.0,9.0,8.0,2.0,0.0,1.0,3.0,9.0,8.0,37,Sunday,4
12:00:00,4.0,0.0,0.0,0.0,0.0,0.0,3.0,7.0,9.0,8.0,0.0,0.0,3.0,9.0,10.0,37,Sunday,6
13:00:00,6.0,3.0,0.0,0.0,0.0,0.0,2.0,3.0,7.0,9.0,7.0,0.0,2.0,10.0,9.0,37,Sunday,5
14:00:00,5.0,4.0,3.0,0.0,0.0,0.0,3.0,2.0,3.0,7.0,4.0,0.0,1.0,3.0,9.0,37,Sunday,3
15:00:00,3.0,6.0,4.0,3.0,0.0,0.0,0.0,3.0,2.0,3.0,2.0,7.0,0.0,3.0,10.0,37,Sunday,5
16:00:00,5.0,5.0,6.0,4.0,3.0,0.0,0.0,0.0,3.0,2.0,8.0,4.0,0.0,2.0,3.0,37,Sunday,1
17:00:00,1.0,3.0,5.0,6.0,4.0,3.0,0.0,0.0,0.0,3.0,9.0,2.0,0.0,1.0,3.0,37,Sunday,0
18:00:00,0.0,5.0,3.0,5.0,6.0,4.0,0.0,0.0,0.0,0.0,7.0,8.0,7.0,0.0,2.0,37,Sunday,0
19:00:00,0.0,1.0,5.0,3.0,5.0,6.0,0.0,0.0,0.0,0.0,3.0,9.0,4.0,0.0,1.0,37,Sunday,0
06:00:00,0.0,0.0,1.0,5.0,3.0,5.0,0.0,0.0,0.0,0.0,2.0,7.0,2.0,0.0,0.0,38,Monday,0
07:00:00,0.0,0.0,0.0,1.0,5.0,3.0,3.0,0.0,0.0,0.0,3.0,3.0,8.0,7.0,0.0,38,Monday,0
08:00:00,0.0,0.0,0.0,0.0,1.0,5.0,4.0,3.0,0.0,0.0,0.0,2.0,9.0,4.0,0.0,38,Monday,0
09:00:00,0.0,0.0,0.0,0.0,0.0,1.0,6.0,4.0,3.0,0.0,0.0,3.0,7.0,2.0,7.0,38,Monday,7
10:00:00,7.0,0.0,0.0,0.0,0.0,0.0,5.0,6.0,4.0,3.0,0.0,0.0,3.0,8.0,4.0,38,Monday,8
11:00:00,8.0,0.0,0.0,0.0,0.0,0.0,3.0,5.0,6.0,4.0,0.0,0.0,2.0,9.0,2.0,38,Monday,9
12:00:00,9.0,7.0,0.0,0.0,0.0,0.0,5.0,3.0,5.0,6.0,0.0,0.0,3.0,7.0,8.0,38,Monday,8
13:00:00,8.0,8.0,7.0,0.0,0.0,0.0,1.0,5.0,3.0,5.0,0.0,0.0,0.0,3.0,9.0,38,Monday,12
14:00:00,12.0,9.0,8.0,7.0,0.0,0.0,0.0,1.0,5.0,3.0,3.0,0.0,0.0,2.0,7.0,38,Monday,10
15:00:00,10.0,8.0,9.0,8.0,7.0,0.0,0.0,0.0,1.0,5.0,4.0,0.0,0.0,3.0,3.0,38,Monday,7
16:00:00,7.0,12.0,8.0,9.0,8.0,7.0,0.0,0.0,0.0,1.0,6.0,3.0,0.0,0.0,2.0,38,Monday,3
17:00:00,3.0,10.0,12.0,8.0,9.0,8.0,0.0,0.0,0.0,0.0,5.0,4.0,0.0,0.0,3.0,38,Monday,0
18:00:00,0.0,7.0,10.0,12.0,8.0,9.0,0.0,0.0,0.0,0.0,3.0,6.0,0.0,0.0,0.0,38,Monday,0
19:00:00,0.0,3.0,7.0,10.0,12.0,8.0,0.0,0.0,0.0,0.0,5.0,5.0,3.0,0.0,0.0,38,Monday,0
06:00:00,0.0,0.0,3.0,7.0,10.0,12.0,7.0,0.0,0.0,0.0,1.0,3.0,4.0,0.0,0.0,38,Tuesday,0
07:00:00,0.0,0.0,0.0,3.0,7.0,10.0,8.0,7.0,0.0,0.0,0.0,5.0,6.0,0.0,0.0,38,Tuesday,0
08:00:00,0.0,0.0,0.0,0.0,3.0,7.0,9.0,8.0,7.0,0.0,0.0,1.0,5.0,3.0,0.0,38,Tuesday,1
09:00:00,1.0,0.0,0.0,0.0,0.0,3.0,8.0,9.0,8.0,7.0,0.0,0.0,3.0,4.0,0.0,38,Tuesday,8
10:00:00,8.0,0.0,0.0,0.0,0.0,0.0,12.0,8.0,9.0,8.0,0.0,0.0,5.0,6.0,3.0,38,Tuesday,9
11:00:00,9.0,1.0,0.0,0.0,0.0,0.0,10.0,12.0,8.0,9.0,0.0,0.0,1.0,5.0,4.0,38,Tuesday,5
12:00:00,5.0,8.0,1.0,0.0,0.0,0.0,7.0,10.0,12.0,8.0,0.0,0.0,0.0,3.0,6.0,38,Tuesday,11
13:00:00,11.0,9.0,8.0,1.0,0.0,0.0,3.0,7.0,10.0,12.0,7.0,0.0,0.0,5.0,5.0,38,Tuesday,10
14:00:00,10.0,5.0,9.0,8.0,1.0,0.0,0.0,3.0,7.0,10.0,8.0,0.0,0.0,1.0,3.0,38,Tuesday,8
15:00:00,8.0,11.0,5.0,9.0,8.0,1.0,0.0,0.0,3.0,7.0,9.0,7.0,0.0,0.0,5.0,38,Tuesday,6
16:00:00,6.0,10.0,11.0,5.0,9.0,8.0,0.0,0.0,0.0,3.0,8.0,8.0,0.0,0.0,1.0,38,Tuesday,1
17:00:00,1.0,8.0,10.0,11.0,5.0,9.0,0.0,0.0,0.0,0.0,12.0,9.0,0.0,0.0,0.0,38,Tuesday,0
18:00:00,0.0,6.0,8.0,10.0,11.0,5.0,0.0,0.0,0.0,0.0,10.0,8.0,7.0,0.0,0.0,38,Tuesday,0
19:00:00,0.0,1.0,6.0,8.0,10.0,11.0,1.0,0.0,0.0,0.0,7.0,12.0,8.0,0.0,0.0,38,Tuesday,0
06:00:00,0.0,0.0,1.0,6.0,8.0,10.0,8.0,1.0,0.0,0.0,3.0,10.0,9.0,0.0,0.0,38,Wednesday,0
07:00:00,0.0,0.0,0.0,1.0,6.0,8.0,9.0,8.0,1.0,0.0,0.0,7.0,8.0,7.0,0.0,38,Wednesday,0
08:00:00,0.0,0.0,0.0,0.0,1.0,6.0,5.0,9.0,8.0,1.0,0.0,3.0,12.0,8.0,0.0,38,Wednesday,3
09:00:00,3.0,0.0,0.0,0.0,0.0,1.0,11.0,5.0,9.0,8.0,0.0,0.0,10.0,9.0,7.0,38,Wednesday,7
10:00:00,7.0,0.0,0.0,0.0,0.0,0.0,10.0,11.0,5.0,9.0,0.0,0.0,7.0,8.0,8.0,38,Wednesday,6
11:00:00,6.0,3.0,0.0,0.0,0.0,0.0,8.0,10.0,11.0,5.0,0.0,0.0,3.0,12.0,9.0,38,Wednesday,6
12:00:00,6.0,7.0,3.0,0.0,0.0,0.0,6.0,8.0,10.0,11.0,1.0,0.0,0.0,10.0,8.0,38,Wednesday,10
13:00:00,10.0,6.0,7.0,3.0,0.0,0.0,1.0,6.0,8.0,10.0,8.0,0.0,0.0,7.0,12.0,38,Wednesday,8
14:00:00,8.0,6.0,6.0,7.0,3.0,0.0,0.0,1.0,6.0,8.0,9.0,1.0,0.0,3.0,10.0,38,Wednesday,10
15:00:00,10.0,10.0,6.0,6.0,7.0,3.0,0.0,0.0,1.0,6.0,5.0,8.0,0.0,0.0,7.0,38,Wednesday,11
16:00:00,11.0,8.0,10.0,6.0,6.0,7.0,0.0,0.0,0.0,1.0,11.0,9.0,0.0,0.0,3.0,38,Wednesday,3
17:00:00,3.0,10.0,8.0,10.0,6.0,6.0,0.0,0.0,0.0,0.0,10.0,5.0,1.0,0.0,0.0,38,Wednesday,1
18:00:00,1.0,11.0,10.0,8.0,10.0,6.0,0.0,0.0,0.0,0.0,8.0,11.0,8.0,0.0,0.0,38,Wednesday,0
19:00:00,0.0,3.0,11.0,10.0,8.0,10.0,3.0,0.0,0.0,0.0,6.0,10.0,9.0,0.0,0.0,38,Wednesday,0
06:00:00,0.0,1.0,3.0,11.0,10.0,8.0,7.0,3.0,0.0,0.0,1.0,8.0,5.0,1.0,0.0,38,Thursday,0
07:00:00,0.0,0.0,1.0,3.0,11.0,10.0,6.0,7.0,3.0,0.0,0.0,6.0,11.0,8.0,0.0,38,Thursday,0
08:00:00,0.0,0.0,0.0,1.0,3.0,11.0,6.0,6.0,7.0,3.0,0.0,1.0,10.0,9.0,1.0,38,Thursday,1
09:00:00,1.0,0.0,0.0,0.0,1.0,3.0,10.0,6.0,6.0,7.0,0.0,0.0,8.0,5.0,8.0,38,Thursday,7
10:00:00,7.0,0.0,0.0,0.0,0.0,1.0,8.0,10.0,6.0,6.0,0.0,0.0,6.0,11.0,9.0,38,Thursday,8
11:00:00,8.0,1.0,0.0,0.0,0.0,0.0,10.0,8.0,10.0,6.0,0.0,0.0,1.0,10.0,5.0,38,Thursday,7
12:00:00,7.0,7.0,1.0,0.0,0.0,0.0,11.0,10.0,8.0,10.0,3.0,0.0,0.0,8.0,11.0,38,Thursday,14
13:00:00,14.0,8.0,7.0,1.0,0.0,0.0,3.0,11.0,10.0,8.0,7.0,0.0,0.0,6.0,10.0,38,Thursday,12
14:00:00,12.0,7.0,8.0,7.0,1.0,0.0,1.0,3.0,11.0,10.0,6.0,3.0,0.0,1.0,8.0,38,Thursday,10
15:00:00,10.0,14.0,7.0,8.0,7.0,1.0,0.0,1.0,3.0,11.0,6.0,7.0,0.0,0.0,6.0,38,Thursday,10
16:00:00,10.0,12.0,14.0,7.0,8.0,7.0,0.0,0.0,1.0,3.0,10.0,6.0,0.0,0.0,1.0,38,Thursday,9
17:00:00,9.0,10.0,12.0,14.0,7.0,8.0,0.0,0.0,0.0,1.0,8.0,6.0,3.0,0.0,0.0,38,Thursday,11
18:00:00,11.0,10.0,10.0,12.0,14.0,7.0,0.0,0.0,0.0,0.0,10.0,10.0,7.0,0.0,0.0,38,Thursday,6
19:00:00,6.0,9.0,10.0,10.0,12.0,14.0,1.0,0.0,0.0,0.0,11.0,8.0,6.0,0.0,0.0,38,Thursday,3
06:00:00,3.0,11.0,9.0,10.0,10.0,12.0,7.0,1.0,0.0,0.0,3.0,10.0,6.0,3.0,0.0,38,Friday,0
07:00:00,0.0,6.0,11.0,9.0,10.0,10.0,8.0,7.0,1.0,0.0,1.0,11.0,10.0,7.0,0.0,38,Friday,0
08:00:00,0.0,3.0,6.0,11.0,9.0,10.0,7.0,8.0,7.0,1.0,0.0,3.0,8.0,6.0,3.0,38,Friday,2
09:00:00,2.0,0.0,3.0,6.0,11.0,9.0,14.0,7.0,8.0,7.0,0.0,1.0,10.0,6.0,7.0,38,Friday,9
10:00:00,9.0,0.0,0.0,3.0,6.0,11.0,12.0,14.0,7.0,8.0,0.0,0.0,11.0,10.0,6.0,38,Friday,8
11:00:00,8.0,2.0,0.0,0.0,3.0,6.0,10.0,12.0,14.0,7.0,0.0,0.0,3.0,8.0,6.0,38,Friday,4
12:00:00,4.0,9.0,2.0,0.0,0.0,3.0,10.0,10.0,12.0,14.0,1.0,0.0,1.0,10.0,10.0,38,Friday,12
13:00:00,12.0,8.0,9.0,2.0,0.0,0.0,9.0,10.0,10.0,12.0,7.0,0.0,0.0,11.0,8.0,38,Friday,7
14:00:00,7.0,4.0,8.0,9.0,2.0,0.0,11.0,9.0,10.0,10.0,8.0,1.0,0.0,3.0,10.0,38,Friday,7
15:00:00,7.0,12.0,4.0,8.0,9.0,2.0,6.0,11.0,9.0,10.0,7.0,7.0,0.0,1.0,11.0,38,Friday,6
16:00:00,6.0,7.0,12.0,4.0,8.0,9.0,3.0,6.0,11.0,9.0,14.0,8.0,0.0,0.0,3.0,38,Friday,2
17:00:00,2.0,7.0,7.0,12.0,4.0,8.0,0.0,3.0,6.0,11.0,12.0,7.0,1.0,0.0,1.0,38,Friday,0
18:00:00,0.0,6.0,7.0,7.0,12.0,4.0,0.0,0.0,3.0,6.0,10.0,14.0,7.0,0.0,0.0,38,Friday,0
19:00:00,0.0,2.0,6.0,7.0,7.0,12.0,2.0,0.0,0.0,3.0,10.0,12.0,8.0,0.0,0.0,38,Friday,0
06:00:00,0.0,0.0,2.0,6.0,7.0,7.0,9.0,2.0,0.0,0.0,9.0,10.0,7.0,1.0,0.0,38,Sunday,0
07:00:00,0.0,0.0,0.0,2.0,6.0,7.0,8.0,9.0,2.0,0.0,11.0,10.0,14.0,7.0,0.0,38,Sunday,0
08:00:00,0.0,0.0,0.0,0.0,2.0,6.0,4.0,8.0,9.0,2.0,6.0,9.0,12.0,8.0,1.0,38,Sunday,0
09:00:00,0.0,0.0,0.0,0.0,0.0,2.0,12.0,4.0,8.0,9.0,3.0,11.0,10.0,7.0,7.0,38,Sunday,0
10:00:00,0.0,0.0,0.0,0.0,0.0,0.0,7.0,12.0,4.0,8.0,0.0,6.0,10.0,14.0,8.0,38,Sunday,4
11:00:00,4.0,0.0,0.0,0.0,0.0,0.0,7.0,7.0,12.0,4.0,0.0,3.0,9.0,12.0,7.0,38,Sunday,12
12:00:00,12.0,0.0,0.0,0.0,0.0,0.0,6.0,7.0,7.0,12.0,2.0,0.0,11.0,10.0,14.0,38,Sunday,16
13:00:00,16.0,4.0,0.0,0.0,0.0,0.0,2.0,6.0,7.0,7.0,9.0,0.0,6.0,10.0,12.0,38,Sunday,14
14:00:00,14.0,12.0,4.0,0.0,0.0,0.0,0.0,2.0,6.0,7.0,8.0,2.0,3.0,9.0,10.0,38,Sunday,16
15:00:00,16.0,16.0,12.0,4.0,0.0,0.0,0.0,0.0,2.0,6.0,4.0,9.0,0.0,11.0,10.0,38,Sunday,10
16:00:00,10.0,14.0,16.0,12.0,4.0,0.0,0.0,0.0,0.0,2.0,12.0,8.0,0.0,6.0,9.0,38,Sunday,2
17:00:00,2.0,16.0,14.0,16.0,12.0,4.0,0.0,0.0,0.0,0.0,7.0,4.0,2.0,3.0,11.0,38,Sunday,0
18:00:00,0.0,10.0,16.0,14.0,16.0,12.0,0.0,0.0,0.0,0.0,7.0,12.0,9.0,0.0,6.0,38,Sunday,0
19:00:00,0.0,2.0,10.0,16.0,14.0,16.0,0.0,0.0,0.0,0.0,6.0,7.0,8.0,0.0,3.0,38,Sunday,0
06:00:00,0.0,0.0,2.0,10.0,16.0,14.0,0.0,0.0,0.0,0.0,2.0,7.0,4.0,2.0,0.0,39,Monday,0
07:00:00,0.0,0.0,0.0,2.0,10.0,16.0,4.0,0.0,0.0,0.0,0.0,6.0,12.0,9.0,0.0,39,Monday,1
08:00:00,1.0,0.0,0.0,0.0,2.0,10.0,12.0,4.0,0.0,0.0,0.0,2.0,7.0,8.0,2.0,39,Monday,1
09:00:00,1.0,0.0,0.0,0.0,0.0,2.0,16.0,12.0,4.0,0.0,0.0,0.0,7.0,4.0,9.0,39,Monday,3
10:00:00,3.0,1.0,0.0,0.0,0.0,0.0,14.0,16.0,12.0,4.0,0.0,0.0,6.0,12.0,8.0,39,Monday,8
11:00:00,8.0,1.0,1.0,0.0,0.0,0.0,16.0,14.0,16.0,12.0,0.0,0.0,2.0,7.0,4.0,39,Monday,6
12:00:00,6.0,3.0,1.0,1.0,0.0,0.0,10.0,16.0,14.0,16.0,0.0,0.0,0.0,7.0,12.0,39,Monday,12
13:00:00,12.0,8.0,3.0,1.0,1.0,0.0,2.0,10.0,16.0,14.0,0.0,0.0,0.0,6.0,7.0,39,Monday,11
14:00:00,11.0,6.0,8.0,3.0,1.0,1.0,0.0,2.0,10.0,16.0,4.0,0.0,0.0,2.0,7.0,39,Monday,9
15:00:00,9.0,12.0,6.0,8.0,3.0,1.0,0.0,0.0,2.0,10.0,12.0,0.0,0.0,0.0,6.0,39,Monday,8
16:00:00,8.0,11.0,12.0,6.0,8.0,3.0,0.0,0.0,0.0,2.0,16.0,4.0,0.0,0.0,2.0,39,Monday,3
17:00:00,3.0,9.0,11.0,12.0,6.0,8.0,0.0,0.0,0.0,0.0,14.0,12.0,0.0,0.0,0.0,39,Monday,2
18:00:00,2.0,8.0,9.0,11.0,12.0,6.0,1.0,0.0,0.0,0.0,16.0,16.0,0.0,0.0,0.0,39,Monday,0
19:00:00,0.0,3.0,8.0,9.0,11.0,12.0,1.0,1.0,0.0,0.0,10.0,14.0,4.0,0.0,0.0,39,Monday,0
06:00:00,0.0,2.0,3.0,8.0,9.0,11.0,3.0,1.0,1.0,0.0,2.0,16.0,12.0,0.0,0.0,39,Tuesday,0
07:00:00,0.0,0.0,2.0,3.0,8.0,9.0,8.0,3.0,1.0,1.0,0.0,10.0,16.0,0.0,0.0,39,Tuesday,0
08:00:00,0.0,0.0,0.0,2.0,3.0,8.0,6.0,8.0,3.0,1.0,0.0,2.0,14.0,4.0,0.0,39,Tuesday,1
09:00:00,1.0,0.0,0.0,0.0,2.0,3.0,12.0,6.0,8.0,3.0,0.0,0.0,16.0,12.0,0.0,39,Tuesday,6
10:00:00,6.0,0.0,0.0,0.0,0.0,2.0,11.0,12.0,6.0,8.0,0.0,0.0,10.0,16.0,4.0,39,Tuesday,14
11:00:00,14.0,1.0,0.0,0.0,0.0,0.0,9.0,11.0,12.0,6.0,1.0,0.0,2.0,14.0,12.0,39,Tuesday,14
12:00:00,14.0,6.0,1.0,0.0,0.0,0.0,8.0,9.0,11.0,12.0,1.0,0.0,0.0,16.0,16.0,39,Tuesday,11
13:00:00,11.0,14.0,6.0,1.0,0.0,0.0,3.0,8.0,9.0,11.0,3.0,1.0,0.0,10.0,14.0,39,Tuesday,7
14:00:00,7.0,14.0,14.0,6.0,1.0,0.0,2.0,3.0,8.0,9.0,8.0,1.0,0.0,2.0,16.0,39,Tuesday,8
15:00:00,8.0,11.0,14.0,14.0,6.0,1.0,0.0,2.0,3.0,8.0,6.0,3.0,0.0,0.0,10.0,39,Tuesday,5
16:00:00,5.0,7.0,11.0,14.0,14.0,6.0,0.0,0.0,2.0,3.0,12.0,8.0,1.0,0.0,2.0,39,Tuesday,1
17:00:00,1.0,8.0,7.0,11.0,14.0,14.0,0.0,0.0,0.0,2.0,11.0,6.0,1.0,0.0,0.0,39,Tuesday,2
18:00:00,2.0,5.0,8.0,7.0,11.0,14.0,0.0,0.0,0.0,0.0,9.0,12.0,3.0,0.0,0.0,39,Tuesday,0
19:00:00,0.0,1.0,5.0,8.0,7.0,11.0,1.0,0.0,0.0,0.0,8.0,11.0,8.0,1.0,0.0,39,Tuesday,0
06:00:00,0.0,2.0,1.0,5.0,8.0,7.0,6.0,1.0,0.0,0.0,3.0,9.0,6.0,1.0,0.0,39,Wednesday,0
07:00:00,0.0,0.0,2.0,1.0,5.0,8.0,14.0,6.0,1.0,0.0,2.0,8.0,12.0,3.0,1.0,39,Wednesday,0
08:00:00,0.0,0.0,0.0,2.0,1.0,5.0,14.0,14.0,6.0,1.0,0.0,3.0,11.0,8.0,1.0,39,Wednesday,1
09:00:00,1.0,0.0,0.0,0.0,2.0,1.0,11.0,14.0,14.0,6.0,0.0,2.0,9.0,6.0,3.0,39,Wednesday,4
10:00:00,4.0,0.0,0.0,0.0,0.0,2.0,7.0,11.0,14.0,14.0,0.0,0.0,8.0,12.0,8.0,39,Wednesday,10
11:00:00,10.0,1.0,0.0,0.0,0.0,0.0,8.0,7.0,11.0,14.0,0.0,0.0,3.0,11.0,6.0,39,Wednesday,6
12:00:00,6.0,4.0,1.0,0.0,0.0,0.0,5.0,8.0,7.0,11.0,1.0,0.0,2.0,9.0,12.0,39,Wednesday,14
13:00:00,14.0,10.0,4.0,1.0,0.0,0.0,1.0,5.0,8.0,7.0,6.0,0.0,0.0,8.0,11.0,39,Wednesday,10
14:00:00,10.0,6.0,10.0,4.0,1.0,0.0,2.0,1.0,5.0,8.0,14.0,1.0,0.0,3.0,9.0,39,Wednesday,11
15:00:00,11.0,14.0,6.0,10.0,4.0,1.0,0.0,2.0,1.0,5.0,14.0,6.0,0.0,2.0,8.0,39,Wednesday,12
16:00:00,12.0,10.0,14.0,6.0,10.0,4.0,0.0,0.0,2.0,1.0,11.0,14.0,0.0,0.0,3.0,39,Wednesday,7
17:00:00,7.0,11.0,10.0,14.0,6.0,10.0,0.0,0.0,0.0,2.0,7.0,14.0,1.0,0.0,2.0,39,Wednesday,0
18:00:00,0.0,12.0,11.0,10.0,14.0,6.0,0.0,0.0,0.0,0.0,8.0,11.0,6.0,0.0,0.0,39,Wednesday,0
19:00:00,0.0,7.0,12.0,11.0,10.0,14.0,1.0,0.0,0.0,0.0,5.0,7.0,14.0,0.0,0.0,39,Wednesday,0
06:00:00,0.0,0.0,7.0,12.0,11.0,10.0,4.0,1.0,0.0,0.0,1.0,8.0,14.0,1.0,0.0,39,Thursday,0
07:00:00,0.0,0.0,0.0,7.0,12.0,11.0,10.0,4.0,1.0,0.0,2.0,5.0,11.0,6.0,0.0,39,Thursday,0
08:00:00,0.0,0.0,0.0,0.0,7.0,12.0,6.0,10.0,4.0,1.0,0.0,1.0,7.0,14.0,1.0,39,Thursday,3
09:00:00,3.0,0.0,0.0,0.0,0.0,7.0,14.0,6.0,10.0,4.0,0.0,2.0,8.0,14.0,6.0,39,Thursday,10
10:00:00,10.0,0.0,0.0,0.0,0.0,0.0,10.0,14.0,6.0,10.0,0.0,0.0,5.0,11.0,14.0,39,Thursday,10
11:00:00,10.0,3.0,0.0,0.0,0.0,0.0,11.0,10.0,14.0,6.0,0.0,0.0,1.0,7.0,14.0,39,Thursday,5
12:00:00,5.0,10.0,3.0,0.0,0.0,0.0,12.0,11.0,10.0,14.0,1.0,0.0,2.0,8.0,11.0,39,Thursday,11
13:00:00,11.0,10.0,10.0,3.0,0.0,0.0,7.0,12.0,11.0,10.0,4.0,0.0,0.0,5.0,7.0,39,Thursday,16
14:00:00,16.0,5.0,10.0,10.0,3.0,0.0,0.0,7.0,12.0,11.0,10.0,1.0,0.0,1.0,8.0,39,Thursday,8
15:00:00,8.0,11.0,5.0,10.0,10.0,3.0,0.0,0.0,7.0,12.0,6.0,4.0,0.0,2.0,5.0,39,Thursday,10
16:00:00,10.0,16.0,11.0,5.0,10.0,10.0,0.0,0.0,0.0,7.0,14.0,10.0,0.0,0.0,1.0,39,Thursday,8
17:00:00,8.0,8.0,16.0,11.0,5.0,10.0,0.0,0.0,0.0,0.0,10.0,6.0,1.0,0.0,2.0,39,Thursday,7
18:00:00,7.0,10.0,8.0,16.0,11.0,5.0,0.0,0.0,0.0,0.0,11.0,14.0,4.0,0.0,0.0,39,Thursday,5
19:00:00,5.0,8.0,10.0,8.0,16.0,11.0,3.0,0.0,0.0,0.0,12.0,10.0,10.0,0.0,0.0,39,Thursday,1
06:00:00,1.0,7.0,8.0,10.0,8.0,16.0,10.0,3.0,0.0,0.0,7.0,11.0,6.0,1.0,0.0,39,Friday,0
07:00:00,0.0,5.0,7.0,8.0,10.0,8.0,10.0,10.0,3.0,0.0,0.0,12.0,14.0,4.0,0.0,39,Friday,1
08:00:00,1.0,1.0,5.0,7.0,8.0,10.0,5.0,10.0,10.0,3.0,0.0,7.0,10.0,10.0,1.0,39,Friday,2
09:00:00,2.0,0.0,1.0,5.0,7.0,8.0,11.0,5.0,10.0,10.0,0.0,0.0,11.0,6.0,4.0,39,Friday,8
10:00:00,8.0,1.0,0.0,1.0,5.0,7.0,16.0,11.0,5.0,10.0,0.0,0.0,12.0,14.0,10.0,39,Friday,12
11:00:00,12.0,2.0,1.0,0.0,1.0,5.0,8.0,16.0,11.0,5.0,0.0,0.0,7.0,10.0,6.0,39,Friday,7
12:00:00,7.0,8.0,2.0,1.0,0.0,1.0,10.0,8.0,16.0,11.0,3.0,0.0,0.0,11.0,14.0,39,Friday,13
13:00:00,13.0,12.0,8.0,2.0,1.0,0.0,8.0,10.0,8.0,16.0,10.0,0.0,0.0,12.0,10.0,39,Friday,9
14:00:00,9.0,7.0,12.0,8.0,2.0,1.0,7.0,8.0,10.0,8.0,10.0,3.0,0.0,7.0,11.0,39,Friday,5
15:00:00,5.0,13.0,7.0,12.0,8.0,2.0,5.0,7.0,8.0,10.0,5.0,10.0,0.0,0.0,12.0,39,Friday,6
16:00:00,6.0,9.0,13.0,7.0,12.0,8.0,1.0,5.0,7.0,8.0,11.0,10.0,0.0,0.0,7.0,39,Friday,0
17:00:00,0.0,5.0,9.0,13.0,7.0,12.0,0.0,1.0,5.0,7.0,16.0,5.0,3.0,0.0,0.0,39,Friday,0
18:00:00,0.0,6.0,5.0,9.0,13.0,7.0,1.0,0.0,1.0,5.0,8.0,11.0,10.0,0.0,0.0,39,Friday,0
19:00:00,0.0,0.0,6.0,5.0,9.0,13.0,2.0,1.0,0.0,1.0,10.0,16.0,10.0,0.0,0.0,39,Friday,0
06:00:00,0.0,0.0,0.0,6.0,5.0,9.0,8.0,2.0,1.0,0.0,8.0,8.0,5.0,3.0,0.0,39,Sunday,0
07:00:00,0.0,0.0,0.0,0.0,6.0,5.0,12.0,8.0,2.0,1.0,7.0,10.0,11.0,10.0,0.0,39,Sunday,0
08:00:00,0.0,0.0,0.0,0.0,0.0,6.0,7.0,12.0,8.0,2.0,5.0,8.0,16.0,10.0,3.0,39,Sunday,0
09:00:00,0.0,0.0,0.0,0.0,0.0,0.0,13.0,7.0,12.0,8.0,1.0,7.0,8.0,5.0,10.0,39,Sunday,0
10:00:00,0.0,0.0,0.0,0.0,0.0,0.0,9.0,13.0,7.0,12.0,0.0,5.0,10.0,11.0,10.0,39,Sunday,4
11:00:00,4.0,0.0,0.0,0.0,0.0,0.0,5.0,9.0,13.0,7.0,1.0,1.0,8.0,16.0,5.0,39,Sunday,4
12:00:00,4.0,0.0,0.0,0.0,0.0,0.0,6.0,5.0,9.0,13.0,2.0,0.0,7.0,8.0,11.0,39,Sunday,8
13:00:00,8.0,4.0,0.0,0.0,0.0,0.0,0.0,6.0,5.0,9.0,8.0,1.0,5.0,10.0,16.0,39,Sunday,5
14:00:00,5.0,4.0,4.0,0.0,0.0,0.0,0.0,0.0,6.0,5.0,12.0,2.0,1.0,8.0,8.0,39,Sunday,5
15:00:00,5.0,8.0,4.0,4.0,0.0,0.0,0.0,0.0,0.0,6.0,7.0,8.0,0.0,7.0,10.0,39,Sunday,6
16:00:00,6.0,5.0,8.0,4.0,4.0,0.0,0.0,0.0,0.0,0.0,13.0,12.0,1.0,5.0,8.0,39,Sunday,0
17:00:00,0.0,5.0,5.0,8.0,4.0,4.0,0.0,0.0,0.0,0.0,9.0,7.0,2.0,1.0,7.0,39,Sunday,0
18:00:00,0.0,6.0,5.0,5.0,8.0,4.0,0.0,0.0,0.0,0.0,5.0,13.0,8.0,0.0,5.0,39,Sunday,0
19:00:00,0.0,0.0,6.0,5.0,5.0,8.0,0.0,0.0,0.0,0.0,6.0,9.0,12.0,1.0,1.0,39,Sunday,0
